08-07-2026 21:11:27 RAM 1983/7607MB (lfb 9x4MB) SWAP 0/3804MB (cached 0MB) CPU [33%@1728,32%@1728,30%@1728,33%@1728,34%@883,28%@883] GR3D_FREQ 0% cpu@51.468C soc2@50.062C soc0@50C gpu@50.937C tj@52.312C soc1@52.312C VDD_IN 8001mW/8001mW VDD_CPU_GPU_CV 1311mW/1311mW VDD_SOC 2941mW/2941mW
08-07-2026 21:11:32 RAM 2017/7607MB (lfb 9x4MB) SWAP 0/3804MB (cached 0MB) CPU [38%@806,37%@806,34%@806,36%@806,34%@729,33%@729] GR3D_FREQ 0% cpu@51.781C soc2@50.312C soc0@50.093C gpu@51.343C tj@52.218C soc1@52.218C VDD_IN 8160mW/8081mW VDD_CPU_GPU_CV 1391mW/1351mW VDD_SOC 2980mW/2961mW
08-07-2026 21:11:37 RAM 2027/7607MB (lfb 8x4MB) SWAP 0/3804MB (cached 0MB) CPU [40%@729,42%@1728,40%@1728,42%@1728,38%@729,38%@729] GR3D_FREQ 0% cpu@51.937C soc2@50.406C soc0@50.5C gpu@51.218C tj@52.718C soc1@52.718C VDD_IN 8120mW/8094mW VDD_CPU_GPU_CV 1391mW/1364mW VDD_SOC 2980mW/2967mW
08-07-2026 21:11:42 RAM 2034/7607MB (lfb 7x4MB) SWAP 0/3804MB (cached 0MB) CPU [42%@729,41%@729,42%@729,41%@729,34%@729,38%@729] GR3D_FREQ 0% cpu@52.156C soc2@50.625C soc0@50.562C gpu@51.625C tj@52.718C soc1@52.718C VDD_IN 8160mW/8110mW VDD_CPU_GPU_CV 1391mW/1371mW VDD_SOC 2980mW/2970mW
08-07-2026 21:11:47 RAM 2039/7607MB (lfb 6x4MB) SWAP 0/3804MB (cached 0MB) CPU [41%@729,40%@729,40%@729,40%@729,37%@1728,40%@729] GR3D_FREQ 0% cpu@52.187C soc2@50.875C soc0@50.718C gpu@51.75C tj@52.968C soc1@52.968C VDD_IN 8160mW/8120mW VDD_CPU_GPU_CV 1391mW/1375mW VDD_SOC 2980mW/2972mW
08-07-2026 21:11:52 RAM 2039/7607MB (lfb 6x4MB) SWAP 0/3804MB (cached 0MB) CPU [38%@729,41%@729,41%@729,41%@729,36%@729,38%@729] GR3D_FREQ 0% cpu@52.218C soc2@51C soc0@50.843C gpu@51.937C tj@53C soc1@53C VDD_IN 8160mW/8127mW VDD_CPU_GPU_CV 1391mW/1378mW VDD_SOC 2980mW/2974mW
08-07-2026 21:11:57 RAM 2041/7607MB (lfb 6x4MB) SWAP 0/3804MB (cached 0MB) CPU [40%@1728,41%@1728,40%@1728,40%@1728,36%@1728,40%@1728] GR3D_FREQ 0% cpu@52.562C soc2@51.312C soc0@50.937C gpu@51.968C tj@53.437C soc1@53.437C VDD_IN 8160mW/8132mW VDD_CPU_GPU_CV 1391mW/1380mW VDD_SOC 2980mW/2974mW
08-07-2026 21:12:02 RAM 2036/7607MB (lfb 6x4MB) SWAP 0/3804MB (cached 0MB) CPU [40%@729,41%@729,39%@729,38%@729,38%@729,38%@729] GR3D_FREQ 0% cpu@52.656C soc2@51.343C soc0@51.156C gpu@52.062C tj@53.437C soc1@53.437C VDD_IN 8160mW/8135mW VDD_CPU_GPU_CV 1391mW/1381mW VDD_SOC 2980mW/2975mW
08-07-2026 21:12:07 RAM 2038/7607MB (lfb 6x4MB) SWAP 0/3804MB (cached 0MB) CPU [39%@960,40%@960,40%@960,39%@960,37%@729,39%@729] GR3D_FREQ 0% cpu@52.906C soc2@51.5C soc0@51.312C gpu@52.187C tj@53.5C soc1@53.5C VDD_IN 8160mW/8138mW VDD_CPU_GPU_CV 1391mW/1382mW VDD_SOC 2980mW/2976mW
08-07-2026 21:12:12 RAM 2043/7607MB (lfb 6x4MB) SWAP 0/3804MB (cached 0MB) CPU [40%@1728,41%@1728,38%@1728,41%@1728,37%@1728,38%@1728] GR3D_FREQ 0% cpu@52.968C soc2@51.625C soc0@51.468C gpu@52.218C tj@53.656C soc1@53.656C VDD_IN 8160mW/8140mW VDD_CPU_GPU_CV 1430mW/1387mW VDD_SOC 2980mW/2976mW
08-07-2026 21:12:17 RAM 2040/7607MB (lfb 6x4MB) SWAP 0/3804MB (cached 0MB) CPU [39%@729,39%@729,38%@729,38%@729,38%@1728,40%@1728] GR3D_FREQ 0% cpu@53.281C soc2@51.812C soc0@51.406C gpu@52.437C tj@53.718C soc1@53.718C VDD_IN 8160mW/8142mW VDD_CPU_GPU_CV 1430mW/1391mW VDD_SOC 2980mW/2976mW
08-07-2026 21:12:22 RAM 2042/7607MB (lfb 6x4MB) SWAP 0/3804MB (cached 0MB) CPU [40%@729,42%@729,39%@729,39%@729,39%@729,40%@729] GR3D_FREQ 0% cpu@53.125C soc2@51.875C soc0@51.625C gpu@52.468C tj@53.875C soc1@53.875C VDD_IN 8200mW/8147mW VDD_CPU_GPU_CV 1430mW/1394mW VDD_SOC 2980mW/2977mW
08-07-2026 21:12:27 RAM 2038/7607MB (lfb 6x4MB) SWAP 0/3804MB (cached 0MB) CPU [41%@960,39%@960,39%@960,42%@960,37%@1728,38%@1728] GR3D_FREQ 0% cpu@53.25C soc2@51.875C soc0@51.625C gpu@52.875C tj@53.843C soc1@53.843C VDD_IN 8240mW/8154mW VDD_CPU_GPU_CV 1430mW/1397mW VDD_SOC 2980mW/2977mW
08-07-2026 21:12:32 RAM 2037/7607MB (lfb 6x4MB) SWAP 0/3804MB (cached 0MB) CPU [43%@1036,43%@1036,38%@1036,41%@1036,35%@1728,37%@1728] GR3D_FREQ 0% cpu@53.25C soc2@51.937C soc0@51.781C gpu@52.625C tj@53.968C soc1@53.968C VDD_IN 8200mW/8157mW VDD_CPU_GPU_CV 1430mW/1399mW VDD_SOC 2980mW/2977mW
08-07-2026 21:12:37 RAM 2043/7607MB (lfb 6x4MB) SWAP 0/3804MB (cached 0MB) CPU [42%@806,41%@806,39%@806,38%@806,36%@729,37%@729] GR3D_FREQ 0% cpu@53.375C soc2@52C soc0@51.781C gpu@52.937C tj@53.968C soc1@53.968C VDD_IN 8160mW/8157mW VDD_CPU_GPU_CV 1391mW/1399mW VDD_SOC 2980mW/2977mW
08-07-2026 21:12:42 RAM 2043/7607MB (lfb 6x4MB) SWAP 0/3804MB (cached 0MB) CPU [39%@1728,39%@1728,38%@1728,41%@1728,37%@1728,40%@1728] GR3D_FREQ 0% cpu@53.375C soc2@52.187C soc0@51.937C gpu@52.75C tj@54.281C soc1@54.281C VDD_IN 8160mW/8158mW VDD_CPU_GPU_CV 1391mW/1398mW VDD_SOC 2980mW/2978mW
08-07-2026 21:12:47 RAM 2042/7607MB (lfb 6x4MB) SWAP 0/3804MB (cached 0MB) CPU [40%@729,40%@729,40%@729,39%@729,36%@1728,38%@1728] GR3D_FREQ 0% cpu@53.593C soc2@52.218C soc0@51.968C gpu@53.125C tj@54.125C soc1@54.125C VDD_IN 8160mW/8158mW VDD_CPU_GPU_CV 1391mW/1398mW VDD_SOC 2980mW/2978mW
08-07-2026 21:12:52 RAM 2040/7607MB (lfb 6x4MB) SWAP 0/3804MB (cached 0MB) CPU [39%@729,41%@729,40%@729,38%@729,39%@729,40%@729] GR3D_FREQ 0% cpu@53.531C soc2@52.406C soc0@52.093C gpu@53C tj@54.375C soc1@54.375C VDD_IN 8200mW/8160mW VDD_CPU_GPU_CV 1430mW/1400mW VDD_SOC 2980mW/2978mW
08-07-2026 21:12:57 RAM 2041/7607MB (lfb 6x4MB) SWAP 0/3804MB (cached 0MB) CPU [40%@729,39%@729,40%@729,37%@729,40%@883,40%@883] GR3D_FREQ 0% cpu@53.781C soc2@52.437C soc0@52.187C gpu@53.062C tj@54.312C soc1@54.312C VDD_IN 8160mW/8160mW VDD_CPU_GPU_CV 1391mW/1399mW VDD_SOC 2980mW/2978mW
08-07-2026 21:13:02 RAM 2046/7607MB (lfb 6x4MB) SWAP 0/3804MB (cached 0MB) CPU [40%@729,38%@729,41%@729,37%@729,38%@729,39%@729] GR3D_FREQ 0% cpu@53.593C soc2@52.562C soc0@52.343C gpu@53.125C tj@54.531C soc1@54.531C VDD_IN 8160mW/8160mW VDD_CPU_GPU_CV 1391mW/1399mW VDD_SOC 2980mW/2978mW
08-07-2026 21:13:07 RAM 2048/7607MB (lfb 6x4MB) SWAP 0/3804MB (cached 0MB) CPU [40%@729,41%@729,40%@729,37%@729,37%@729,38%@729] GR3D_FREQ 0% cpu@53.968C soc2@52.75C soc0@52.281C gpu@53.437C tj@54.5C soc1@54.5C VDD_IN 8200mW/8162mW VDD_CPU_GPU_CV 1430mW/1400mW VDD_SOC 3020mW/2980mW
08-07-2026 21:13:12 RAM 2043/7607MB (lfb 6x4MB) SWAP 0/3804MB (cached 0MB) CPU [40%@883,41%@883,38%@883,38%@883,40%@1728,39%@1728] GR3D_FREQ 0% cpu@53.687C soc2@52.656C soc0@52.437C gpu@53.125C tj@54.562C soc1@54.656C VDD_IN 8160mW/8162mW VDD_CPU_GPU_CV 1391mW/1400mW VDD_SOC 2980mW/2980mW
08-07-2026 21:13:17 RAM 2048/7607MB (lfb 6x4MB) SWAP 0/3804MB (cached 0MB) CPU [41%@729,39%@729,40%@729,41%@729,35%@1728,39%@1728] GR3D_FREQ 0% cpu@54.031C soc2@52.75C soc0@52.343C gpu@53.593C tj@54.562C soc1@54.562C VDD_IN 8200mW/8164mW VDD_CPU_GPU_CV 1388mW/1399mW VDD_SOC 2980mW/2980mW
08-07-2026 21:13:22 RAM 2045/7607MB (lfb 6x4MB) SWAP 0/3804MB (cached 0MB) CPU [40%@729,39%@729,40%@729,38%@729,39%@729,39%@729] GR3D_FREQ 0% cpu@53.843C soc2@52.843C soc0@52.468C gpu@53.343C tj@54.687C soc1@54.687C VDD_IN 8160mW/8163mW VDD_CPU_GPU_CV 1391mW/1399mW VDD_SOC 2980mW/2980mW
08-07-2026 21:13:27 RAM 2043/7607MB (lfb 6x4MB) SWAP 0/3804MB (cached 0MB) CPU [40%@1728,42%@1728,40%@1728,40%@1728,39%@729,39%@729] GR3D_FREQ 0% cpu@54.218C soc2@52.812C soc0@52.531C gpu@53.406C tj@54.656C soc1@54.656C VDD_IN 8200mW/8165mW VDD_CPU_GPU_CV 1391mW/1399mW VDD_SOC 2980mW/2980mW
08-07-2026 21:13:32 RAM 2051/7607MB (lfb 6x4MB) SWAP 0/3804MB (cached 0MB) CPU [39%@729,37%@729,40%@729,41%@729,39%@729,39%@729] GR3D_FREQ 0% cpu@53.937C soc2@52.906C soc0@52.593C gpu@53.375C tj@54.812C soc1@54.812C VDD_IN 8120mW/8163mW VDD_CPU_GPU_CV 1388mW/1398mW VDD_SOC 2941mW/2979mW
08-07-2026 21:13:37 RAM 2046/7607MB (lfb 6x4MB) SWAP 0/3804MB (cached 0MB) CPU [41%@729,40%@729,38%@729,39%@729,38%@1728,39%@1728] GR3D_FREQ 0% cpu@54.281C soc2@52.906C soc0@52.593C gpu@53.718C tj@54.718C soc1@54.718C VDD_IN 8120mW/8162mW VDD_CPU_GPU_CV 1391mW/1398mW VDD_SOC 2941mW/2977mW
08-07-2026 21:13:42 RAM 2047/7607MB (lfb 6x4MB) SWAP 0/3804MB (cached 0MB) CPU [41%@729,39%@729,39%@729,37%@729,39%@729,41%@729] GR3D_FREQ 0% cpu@54.031C soc2@52.906C soc0@52.781C gpu@53.531C tj@54.906C soc1@54.906C VDD_IN 8120mW/8160mW VDD_CPU_GPU_CV 1430mW/1399mW VDD_SOC 2941mW/2976mW
08-07-2026 21:13:47 RAM 2047/7607MB (lfb 6x4MB) SWAP 0/3804MB (cached 0MB) CPU [40%@729,40%@729,36%@729,36%@729,40%@729,41%@729] GR3D_FREQ 0% cpu@54.25C soc2@53.062C soc0@52.718C gpu@53.812C tj@55.093C soc1@54.875C VDD_IN 8120mW/8159mW VDD_CPU_GPU_CV 1391mW/1399mW VDD_SOC 2941mW/2975mW
08-07-2026 21:13:52 RAM 2043/7607MB (lfb 6x4MB) SWAP 0/3804MB (cached 0MB) CPU [41%@1728,41%@1728,39%@1728,38%@1728,39%@729,40%@729] GR3D_FREQ 0% cpu@54.125C soc2@53.093C soc0@52.843C gpu@53.75C tj@55C soc1@55C VDD_IN 8160mW/8159mW VDD_CPU_GPU_CV 1430mW/1400mW VDD_SOC 2941mW/2974mW
08-07-2026 21:13:57 RAM 2053/7607MB (lfb 5x4MB) SWAP 0/3804MB (cached 0MB) CPU [38%@1728,40%@1728,37%@1728,39%@1728,39%@729,42%@729] GR3D_FREQ 0% cpu@54.343C soc2@53.187C soc0@52.781C gpu@53.718C tj@55.187C soc1@55.187C VDD_IN 8120mW/8157mW VDD_CPU_GPU_CV 1430mW/1401mW VDD_SOC 2941mW/2972mW
08-07-2026 21:14:02 RAM 2045/7607MB (lfb 5x4MB) SWAP 0/3804MB (cached 0MB) CPU [38%@1728,40%@1728,41%@1728,37%@1728,38%@1728,41%@1728] GR3D_FREQ 0% cpu@54.5C soc2@53.156C soc0@52.906C gpu@53.656C tj@55.031C soc1@55.031C VDD_IN 8120mW/8156mW VDD_CPU_GPU_CV 1391mW/1401mW VDD_SOC 2941mW/2972mW
08-07-2026 21:14:07 RAM 2044/7607MB (lfb 6x4MB) SWAP 0/3804MB (cached 0MB) CPU [41%@729,40%@729,38%@729,39%@729,39%@729,39%@729] GR3D_FREQ 0% cpu@54.218C soc2@53.218C soc0@52.781C gpu@53.968C tj@55.125C soc1@55.125C VDD_IN 8160mW/8156mW VDD_CPU_GPU_CV 1430mW/1401mW VDD_SOC 2941mW/2971mW
08-07-2026 21:14:12 RAM 2054/7607MB (lfb 6x4MB) SWAP 0/3804MB (cached 0MB) CPU [40%@729,39%@729,40%@729,39%@729,38%@729,40%@729] GR3D_FREQ 0% cpu@54.5C soc2@53.187C soc0@52.906C gpu@53.718C tj@55.062C soc1@55.062C VDD_IN 8120mW/8155mW VDD_CPU_GPU_CV 1430mW/1402mW VDD_SOC 2941mW/2970mW
08-07-2026 21:14:17 RAM 2047/7607MB (lfb 6x4MB) SWAP 0/3804MB (cached 0MB) CPU [41%@806,41%@806,39%@806,39%@806,38%@729,39%@729] GR3D_FREQ 0% cpu@54.531C soc2@53.343C soc0@52.843C gpu@54C tj@55.375C soc1@55.375C VDD_IN 8120mW/8154mW VDD_CPU_GPU_CV 1391mW/1402mW VDD_SOC 2941mW/2969mW
08-07-2026 21:14:22 RAM 2052/7607MB (lfb 6x4MB) SWAP 0/3804MB (cached 0MB) CPU [40%@1728,40%@1728,38%@1728,40%@1728,40%@729,40%@729] GR3D_FREQ 0% cpu@54.343C soc2@53.25C soc0@53.062C gpu@53.937C tj@55.125C soc1@55.125C VDD_IN 8120mW/8153mW VDD_CPU_GPU_CV 1388mW/1402mW VDD_SOC 2941mW/2968mW
08-07-2026 21:14:27 RAM 2053/7607MB (lfb 5x4MB) SWAP 0/3804MB (cached 0MB) CPU [39%@1728,39%@1728,40%@1728,39%@1728,40%@1728,41%@1728] GR3D_FREQ 0% cpu@54.468C soc2@53.375C soc0@52.968C gpu@54C tj@55.312C soc1@55.312C VDD_IN 8120mW/8152mW VDD_CPU_GPU_CV 1391mW/1401mW VDD_SOC 2941mW/2967mW
08-07-2026 21:14:32 RAM 2054/7607MB (lfb 5x4MB) SWAP 0/3804MB (cached 0MB) CPU [40%@729,37%@729,40%@729,38%@729,36%@729,40%@729] GR3D_FREQ 0% cpu@54.437C soc2@53.218C soc0@53.093C gpu@53.906C tj@55.281C soc1@55.281C VDD_IN 8120mW/8152mW VDD_CPU_GPU_CV 1391mW/1401mW VDD_SOC 2941mW/2967mW
08-07-2026 21:14:37 RAM 2056/7607MB (lfb 5x4MB) SWAP 0/3804MB (cached 0MB) CPU [40%@729,41%@729,40%@729,39%@729,37%@729,40%@729] GR3D_FREQ 0% cpu@54.406C soc2@53.375C soc0@52.968C gpu@53.875C tj@55.406C soc1@55.406C VDD_IN 8120mW/8151mW VDD_CPU_GPU_CV 1428mW/1402mW VDD_SOC 2941mW/2966mW
08-07-2026 21:14:42 RAM 2053/7607MB (lfb 5x4MB) SWAP 0/3804MB (cached 0MB) CPU [40%@960,42%@960,40%@960,41%@960,37%@729,39%@729] GR3D_FREQ 0% cpu@54.562C soc2@53.281C soc0@53.031C gpu@53.906C tj@55.187C soc1@55.187C VDD_IN 8120mW/8150mW VDD_CPU_GPU_CV 1430mW/1402mW VDD_SOC 2941mW/2965mW
08-07-2026 21:14:47 RAM 2053/7607MB (lfb 5x4MB) SWAP 0/3804MB (cached 0MB) CPU [40%@729,40%@729,39%@729,39%@729,38%@729,39%@729] GR3D_FREQ 0% cpu@54.437C soc2@53.312C soc0@53.031C gpu@53.906C tj@55.312C soc1@55.312C VDD_IN 8120mW/8149mW VDD_CPU_GPU_CV 1391mW/1402mW VDD_SOC 2941mW/2965mW
08-07-2026 21:14:52 RAM 2044/7607MB (lfb 6x4MB) SWAP 0/3804MB (cached 0MB) CPU [38%@729,40%@729,39%@729,39%@729,40%@729,41%@729] GR3D_FREQ 0% cpu@54.312C soc2@53.343C soc0@53C gpu@53.843C tj@55.218C soc1@55.218C VDD_IN 8120mW/8149mW VDD_CPU_GPU_CV 1391mW/1402mW VDD_SOC 2941mW/2964mW
08-07-2026 21:14:57 RAM 2046/7607MB (lfb 6x4MB) SWAP 0/3804MB (cached 0MB) CPU [39%@729,39%@729,40%@729,39%@729,38%@729,40%@729] GR3D_FREQ 0% cpu@54.562C soc2@53.406C soc0@52.968C gpu@54.093C tj@55.468C soc1@55.468C VDD_IN 8120mW/8148mW VDD_CPU_GPU_CV 1391mW/1402mW VDD_SOC 2941mW/2964mW
08-07-2026 21:15:02 RAM 2045/7607MB (lfb 6x4MB) SWAP 0/3804MB (cached 0MB) CPU [39%@1728,39%@1728,39%@1728,37%@1728,42%@806,40%@806] GR3D_FREQ 0% cpu@54.437C soc2@53.343C soc0@53.125C gpu@53.812C tj@55.25C soc1@55.281C VDD_IN 8120mW/8147mW VDD_CPU_GPU_CV 1430mW/1402mW VDD_SOC 2941mW/2963mW
08-07-2026 21:15:07 RAM 2046/7607MB (lfb 6x4MB) SWAP 0/3804MB (cached 0MB) CPU [43%@729,39%@729,39%@729,39%@729,38%@1728,39%@1728] GR3D_FREQ 0% cpu@54.656C soc2@53.5C soc0@53.062C gpu@54.062C tj@55.562C soc1@55.562C VDD_IN 8160mW/8148mW VDD_CPU_GPU_CV 1430mW/1403mW VDD_SOC 2941mW/2963mW
08-07-2026 21:15:12 RAM 2044/7607MB (lfb 5x4MB) SWAP 0/3804MB (cached 0MB) CPU [41%@729,40%@729,38%@729,39%@1728,39%@729,40%@729] GR3D_FREQ 0% cpu@54.562C soc2@53.375C soc0@53.125C gpu@54C tj@55.375C soc1@55.375C VDD_IN 8160mW/8148mW VDD_CPU_GPU_CV 1428mW/1403mW VDD_SOC 2941mW/2962mW
08-07-2026 21:15:17 RAM 2043/7607MB (lfb 5x4MB) SWAP 0/3804MB (cached 0MB) CPU [40%@1728,42%@1728,40%@1728,41%@1728,39%@1728,38%@1728] GR3D_FREQ 0% cpu@54.656C soc2@53.468C soc0@53C gpu@54.093C tj@55.531C soc1@55.531C VDD_IN 8160mW/8148mW VDD_CPU_GPU_CV 1428mW/1404mW VDD_SOC 2941mW/2962mW
08-07-2026 21:15:22 RAM 2048/7607MB (lfb 6x4MB) SWAP 0/3804MB (cached 0MB) CPU [40%@1728,41%@1728,41%@1728,41%@1728,36%@1728,38%@1728] GR3D_FREQ 0% cpu@54.562C soc2@53.375C soc0@53.093C gpu@53.906C tj@55.281C soc1@55.281C VDD_IN 8120mW/8148mW VDD_CPU_GPU_CV 1391mW/1404mW VDD_SOC 2941mW/2961mW
08-07-2026 21:15:27 RAM 2044/7607MB (lfb 6x4MB) SWAP 0/3804MB (cached 0MB) CPU [40%@883,40%@883,39%@883,40%@883,38%@729,41%@729] GR3D_FREQ 0% cpu@54.406C soc2@53.375C soc0@52.937C gpu@53.875C tj@55.406C soc1@55.406C VDD_IN 8160mW/8148mW VDD_CPU_GPU_CV 1430mW/1404mW VDD_SOC 2941mW/2961mW
08-07-2026 21:15:32 RAM 2045/7607MB (lfb 6x4MB) SWAP 0/3804MB (cached 0MB) CPU [41%@729,40%@729,40%@729,40%@729,39%@729,36%@729] GR3D_FREQ 0% cpu@54.375C soc2@53.375C soc0@53.093C gpu@53.75C tj@55.343C soc1@55.343C VDD_IN 8120mW/8147mW VDD_CPU_GPU_CV 1391mW/1404mW VDD_SOC 2941mW/2961mW
08-07-2026 21:15:37 RAM 2061/7607MB (lfb 15x4MB) SWAP 0/3804MB (cached 0MB) CPU [39%@1728,53%@1728,40%@1728,38%@1728,42%@729,38%@729] GR3D_FREQ 0% cpu@54.593C soc2@53.375C soc0@53.093C gpu@54C tj@55.25C soc1@55.25C VDD_IN 8120mW/8147mW VDD_CPU_GPU_CV 1428mW/1404mW VDD_SOC 2941mW/2960mW
08-07-2026 21:15:42 RAM 2063/7607MB (lfb 14x4MB) SWAP 0/3804MB (cached 0MB) CPU [37%@1728,39%@1728,40%@1728,38%@1728,39%@729,41%@729] GR3D_FREQ 0% cpu@54.531C soc2@53.375C soc0@53.125C gpu@53.843C tj@55.312C soc1@55.312C VDD_IN 8160mW/8147mW VDD_CPU_GPU_CV 1388mW/1404mW VDD_SOC 2941mW/2960mW
08-07-2026 21:15:47 RAM 2064/7607MB (lfb 14x4MB) SWAP 0/3804MB (cached 0MB) CPU [41%@960,39%@960,37%@960,39%@960,37%@1728,38%@1728] GR3D_FREQ 0% cpu@54.718C soc2@53.406C soc0@53.062C gpu@54.093C tj@55.218C soc1@55.218C VDD_IN 8120mW/8146mW VDD_CPU_GPU_CV 1388mW/1404mW VDD_SOC 2941mW/2959mW
08-07-2026 21:15:52 RAM 2063/7607MB (lfb 14x4MB) SWAP 0/3804MB (cached 0MB) CPU [39%@729,41%@729,38%@729,38%@729,37%@729,39%@729] GR3D_FREQ 0% cpu@54.406C soc2@53.375C soc0@53.156C gpu@53.937C tj@55.406C soc1@55.406C VDD_IN 8120mW/8146mW VDD_CPU_GPU_CV 1391mW/1404mW VDD_SOC 2941mW/2959mW
08-07-2026 21:15:57 RAM 2062/7607MB (lfb 14x4MB) SWAP 0/3804MB (cached 0MB) CPU [38%@729,40%@729,41%@729,38%@729,38%@729,38%@729] GR3D_FREQ 0% cpu@54.531C soc2@53.375C soc0@52.937C gpu@54.093C tj@55.531C soc1@55.531C VDD_IN 8120mW/8145mW VDD_CPU_GPU_CV 1388mW/1403mW VDD_SOC 2941mW/2959mW
08-07-2026 21:16:02 RAM 2072/7607MB (lfb 11x4MB) SWAP 0/3804MB (cached 0MB) CPU [38%@729,41%@729,41%@729,38%@729,37%@729,37%@729] GR3D_FREQ 0% cpu@54.25C soc2@53.375C soc0@53.156C gpu@53.875C tj@55.312C soc1@55.406C VDD_IN 8120mW/8145mW VDD_CPU_GPU_CV 1391mW/1403mW VDD_SOC 2941mW/2958mW
08-07-2026 21:16:07 RAM 2069/7607MB (lfb 11x4MB) SWAP 0/3804MB (cached 0MB) CPU [40%@729,39%@729,38%@1728,41%@1728,38%@806,39%@806] GR3D_FREQ 0% cpu@54.468C soc2@53.281C soc0@52.968C gpu@54.093C tj@55.218C soc1@55.218C VDD_IN 8120mW/8145mW VDD_CPU_GPU_CV 1391mW/1403mW VDD_SOC 2941mW/2958mW
08-07-2026 21:16:12 RAM 2080/7607MB (lfb 9x4MB) SWAP 0/3804MB (cached 0MB) CPU [39%@729,42%@729,40%@729,38%@729,38%@729,36%@729] GR3D_FREQ 0% cpu@54.343C soc2@53.343C soc0@53.125C gpu@53.875C tj@55.375C soc1@55.375C VDD_IN 8120mW/8144mW VDD_CPU_GPU_CV 1388mW/1403mW VDD_SOC 2941mW/2958mW
08-07-2026 21:16:17 RAM 2080/7607MB (lfb 9x4MB) SWAP 0/3804MB (cached 0MB) CPU [40%@1728,38%@1728,38%@1728,38%@1728,37%@806,41%@806] GR3D_FREQ 0% cpu@54.562C soc2@53.281C soc0@53C gpu@53.75C tj@55.156C soc1@55.156C VDD_IN 8120mW/8144mW VDD_CPU_GPU_CV 1391mW/1402mW VDD_SOC 2941mW/2958mW
08-07-2026 21:16:22 RAM 2092/7607MB (lfb 6x4MB) SWAP 0/3804MB (cached 0MB) CPU [38%@806,40%@806,39%@806,40%@806,35%@729,38%@729] GR3D_FREQ 0% cpu@54.406C soc2@53.25C soc0@53.093C gpu@53.718C tj@55.187C soc1@55.281C VDD_IN 8120mW/8143mW VDD_CPU_GPU_CV 1391mW/1402mW VDD_SOC 2941mW/2957mW
08-07-2026 21:16:27 RAM 2093/7607MB (lfb 6x4MB) SWAP 0/3804MB (cached 0MB) CPU [39%@729,38%@729,37%@729,37%@729,39%@729,39%@729] GR3D_FREQ 0% cpu@54.812C soc2@53.375C soc0@52.937C gpu@53.968C tj@55.093C soc1@55.093C VDD_IN 8120mW/8143mW VDD_CPU_GPU_CV 1391mW/1402mW VDD_SOC 2941mW/2957mW
08-07-2026 21:16:32 RAM 2106/7607MB (lfb 5x4MB) SWAP 0/3804MB (cached 0MB) CPU [39%@729,37%@729,39%@729,37%@729,40%@729,40%@729] GR3D_FREQ 0% cpu@54.343C soc2@53.281C soc0@53.125C gpu@53.781C tj@55.218C soc1@55.218C VDD_IN 8120mW/8143mW VDD_CPU_GPU_CV 1391mW/1402mW VDD_SOC 2941mW/2957mW
08-07-2026 21:16:37 RAM 2107/7607MB (lfb 5x4MB) SWAP 0/3804MB (cached 0MB) CPU [40%@806,39%@806,38%@806,38%@806,38%@729,38%@729] GR3D_FREQ 0% cpu@54.437C soc2@53.343C soc0@52.906C gpu@54C tj@55.125C soc1@55.125C VDD_IN 8120mW/8142mW VDD_CPU_GPU_CV 1391mW/1402mW VDD_SOC 2941mW/2956mW
08-07-2026 21:16:42 RAM 2103/7607MB (lfb 5x4MB) SWAP 0/3804MB (cached 0MB) CPU [39%@1728,40%@1728,39%@1728,39%@1728,37%@1728,38%@1728] GR3D_FREQ 0% cpu@54.343C soc2@53.343C soc0@53.062C gpu@53.937C tj@55.187C soc1@55.187C VDD_IN 8120mW/8142mW VDD_CPU_GPU_CV 1391mW/1401mW VDD_SOC 2941mW/2956mW
08-07-2026 21:16:47 RAM 2104/7607MB (lfb 5x4MB) SWAP 0/3804MB (cached 0MB) CPU [39%@729,39%@729,38%@729,38%@729,40%@729,41%@729] GR3D_FREQ 0% cpu@54.531C soc2@53.312C soc0@53C gpu@53.843C tj@55.125C soc1@55.125C VDD_IN 8120mW/8142mW VDD_CPU_GPU_CV 1391mW/1401mW VDD_SOC 2941mW/2956mW
08-07-2026 21:16:52 RAM 2103/7607MB (lfb 5x4MB) SWAP 0/3804MB (cached 0MB) CPU [40%@806,39%@806,39%@806,38%@806,35%@729,38%@729] GR3D_FREQ 0% cpu@54.437C soc2@53.375C soc0@53.031C gpu@53.906C tj@55.25C soc1@55.25C VDD_IN 8120mW/8141mW VDD_CPU_GPU_CV 1391mW/1401mW VDD_SOC 2941mW/2956mW
08-07-2026 21:16:57 RAM 2104/7607MB (lfb 5x4MB) SWAP 0/3804MB (cached 0MB) CPU [39%@729,39%@729,40%@729,38%@729,38%@729,36%@729] GR3D_FREQ 0% cpu@54.531C soc2@53.375C soc0@52.906C gpu@54.093C tj@55.218C soc1@55.218C VDD_IN 8120mW/8141mW VDD_CPU_GPU_CV 1391mW/1401mW VDD_SOC 2941mW/2956mW
08-07-2026 21:17:02 RAM 2105/7607MB (lfb 5x4MB) SWAP 0/3804MB (cached 0MB) CPU [39%@729,38%@729,39%@729,39%@729,38%@729,37%@729] GR3D_FREQ 0% cpu@54.75C soc2@53.468C soc0@53.031C gpu@53.843C tj@55.281C soc1@55.281C VDD_IN 8120mW/8141mW VDD_CPU_GPU_CV 1391mW/1401mW VDD_SOC 2941mW/2955mW
08-07-2026 21:17:07 RAM 2106/7607MB (lfb 5x4MB) SWAP 0/3804MB (cached 0MB) CPU [38%@729,41%@729,38%@729,39%@729,40%@883,38%@883] GR3D_FREQ 0% cpu@54.468C soc2@53.437C soc0@53.062C gpu@54.062C tj@55.343C soc1@55.343C VDD_IN 8120mW/8140mW VDD_CPU_GPU_CV 1391mW/1401mW VDD_SOC 2941mW/2955mW
08-07-2026 21:17:12 RAM 2107/7607MB (lfb 6x4MB) SWAP 0/3804MB (cached 0MB) CPU [39%@729,39%@729,36%@729,39%@729,38%@806,40%@806] GR3D_FREQ 0% cpu@54.343C soc2@53.375C soc0@53.062C gpu@54.031C tj@55.281C soc1@55.281C VDD_IN 8120mW/8140mW VDD_CPU_GPU_CV 1391mW/1401mW VDD_SOC 2941mW/2955mW
08-07-2026 21:17:17 RAM 2107/7607MB (lfb 6x4MB) SWAP 0/3804MB (cached 0MB) CPU [38%@729,41%@729,40%@729,39%@729,38%@729,39%@729] GR3D_FREQ 0% cpu@54.406C soc2@53.468C soc0@53.093C gpu@54.062C tj@55.468C soc1@55.468C VDD_IN 8120mW/8140mW VDD_CPU_GPU_CV 1430mW/1401mW VDD_SOC 2941mW/2955mW
08-07-2026 21:17:22 RAM 2108/7607MB (lfb 6x4MB) SWAP 0/3804MB (cached 0MB) CPU [39%@1728,41%@1728,39%@1728,40%@1728,36%@729,39%@729] GR3D_FREQ 0% cpu@54.5C soc2@53.281C soc0@53.031C gpu@53.812C tj@55.312C soc1@55.312C VDD_IN 8120mW/8139mW VDD_CPU_GPU_CV 1391mW/1401mW VDD_SOC 2941mW/2955mW
08-07-2026 21:17:27 RAM 2108/7607MB (lfb 6x4MB) SWAP 0/3804MB (cached 0MB) CPU [39%@1728,38%@1728,39%@1728,38%@1728,40%@1728,38%@1728] GR3D_FREQ 0% cpu@54.656C soc2@53.375C soc0@53.031C gpu@53.875C tj@55.468C soc1@55.468C VDD_IN 8120mW/8139mW VDD_CPU_GPU_CV 1391mW/1401mW VDD_SOC 2941mW/2954mW
08-07-2026 21:17:32 RAM 2109/7607MB (lfb 7x4MB) SWAP 0/3804MB (cached 0MB) CPU [43%@806,38%@806,42%@806,40%@806,36%@1728,38%@1728] GR3D_FREQ 0% cpu@54.468C soc2@53.312C soc0@53.093C gpu@53.843C tj@55.25C soc1@55.25C VDD_IN 8160mW/8139mW VDD_CPU_GPU_CV 1430mW/1401mW VDD_SOC 2941mW/2954mW
08-07-2026 21:17:37 RAM 2111/7607MB (lfb 6x4MB) SWAP 0/3804MB (cached 0MB) CPU [40%@729,39%@729,41%@1728,40%@1728,40%@729,40%@729] GR3D_FREQ 0% cpu@54.562C soc2@53.375C soc0@52.968C gpu@53.937C tj@55.375C soc1@55.375C VDD_IN 8160mW/8140mW VDD_CPU_GPU_CV 1430mW/1402mW VDD_SOC 2941mW/2954mW
08-07-2026 21:17:42 RAM 2112/7607MB (lfb 6x4MB) SWAP 0/3804MB (cached 0MB) CPU [41%@729,41%@729,38%@729,40%@729,41%@729,40%@729] GR3D_FREQ 0% cpu@54.656C soc2@53.281C soc0@53.031C gpu@53.812C tj@55.343C soc1@55.343C VDD_IN 8120mW/8139mW VDD_CPU_GPU_CV 1430mW/1402mW VDD_SOC 2941mW/2954mW
08-07-2026 21:17:47 RAM 2113/7607MB (lfb 6x4MB) SWAP 0/3804MB (cached 0MB) CPU [40%@729,41%@729,41%@729,42%@729,37%@883,40%@883] GR3D_FREQ 0% cpu@54.468C soc2@53.312C soc0@53C gpu@54.031C tj@55.468C soc1@55.468C VDD_IN 8160mW/8140mW VDD_CPU_GPU_CV 1430mW/1402mW VDD_SOC 2941mW/2954mW
08-07-2026 21:17:52 RAM 2114/7607MB (lfb 7x4MB) SWAP 0/3804MB (cached 0MB) CPU [40%@883,39%@883,40%@883,41%@883,41%@806,41%@806] GR3D_FREQ 0% cpu@54.468C soc2@53.187C soc0@52.968C gpu@53.937C tj@55.281C soc1@55.281C VDD_IN 8160mW/8140mW VDD_CPU_GPU_CV 1430mW/1403mW VDD_SOC 2941mW/2954mW
08-07-2026 21:17:57 RAM 2115/7607MB (lfb 7x4MB) SWAP 0/3804MB (cached 0MB) CPU [43%@729,40%@729,39%@729,40%@729,38%@806,39%@806] GR3D_FREQ 0% cpu@54.5C soc2@53.375C soc0@52.968C gpu@53.781C tj@55.343C soc1@55.343C VDD_IN 8160mW/8140mW VDD_CPU_GPU_CV 1430mW/1403mW VDD_SOC 2941mW/2953mW
08-07-2026 21:18:02 RAM 2116/7607MB (lfb 6x4MB) SWAP 0/3804MB (cached 0MB) CPU [40%@1728,40%@1728,41%@1728,39%@1728,41%@729,42%@729] GR3D_FREQ 0% cpu@54.468C soc2@53.343C soc0@53.031C gpu@53.875C tj@55.125C soc1@55.125C VDD_IN 8160mW/8141mW VDD_CPU_GPU_CV 1430mW/1403mW VDD_SOC 2941mW/2953mW
08-07-2026 21:18:07 RAM 2119/7607MB (lfb 5x4MB) SWAP 0/3804MB (cached 0MB) CPU [42%@883,42%@1728,40%@1728,38%@1728,38%@729,40%@729] GR3D_FREQ 0% cpu@54.5C soc2@53.375C soc0@52.906C gpu@53.812C tj@55.5C soc1@55.5C VDD_IN 8120mW/8140mW VDD_CPU_GPU_CV 1430mW/1404mW VDD_SOC 2941mW/2953mW
08-07-2026 21:18:12 RAM 2120/7607MB (lfb 6x4MB) SWAP 0/3804MB (cached 0MB) CPU [42%@806,41%@806,43%@806,41%@806,41%@1728,41%@1728] GR3D_FREQ 0% cpu@54.718C soc2@53.312C soc0@53.093C gpu@53.812C tj@55.218C soc1@55.218C VDD_IN 8240mW/8141mW VDD_CPU_GPU_CV 1470mW/1404mW VDD_SOC 2941mW/2953mW
08-07-2026 21:18:17 RAM 2122/7607MB (lfb 6x4MB) SWAP 0/3804MB (cached 0MB) CPU [41%@883,41%@883,41%@883,38%@883,40%@729,42%@729] GR3D_FREQ 0% cpu@54.531C soc2@53.343C soc0@52.937C gpu@53.937C tj@55.343C soc1@55.343C VDD_IN 8160mW/8142mW VDD_CPU_GPU_CV 1430mW/1405mW VDD_SOC 2941mW/2953mW
08-07-2026 21:18:22 RAM 2122/7607MB (lfb 5x4MB) SWAP 0/3804MB (cached 0MB) CPU [40%@806,41%@806,41%@806,40%@806,40%@729,39%@729] GR3D_FREQ 0% cpu@54.656C soc2@53.312C soc0@53C gpu@53.781C tj@55.187C soc1@55.187C VDD_IN 8160mW/8142mW VDD_CPU_GPU_CV 1430mW/1405mW VDD_SOC 2941mW/2953mW
08-07-2026 21:18:27 RAM 2125/7607MB (lfb 5x4MB) SWAP 0/3804MB (cached 0MB) CPU [43%@729,41%@729,42%@729,39%@729,37%@806,39%@806] GR3D_FREQ 0% cpu@54.593C soc2@53.281C soc0@52.937C gpu@53.781C tj@55.25C soc1@55.25C VDD_IN 8120mW/8142mW VDD_CPU_GPU_CV 1430mW/1405mW VDD_SOC 2941mW/2952mW
08-07-2026 21:18:32 RAM 2124/7607MB (lfb 5x4MB) SWAP 0/3804MB (cached 0MB) CPU [42%@729,41%@729,39%@729,40%@729,35%@729,38%@729] GR3D_FREQ 0% cpu@54.437C soc2@53.25C soc0@53C gpu@53.718C tj@55.187C soc1@55.187C VDD_IN 8160mW/8142mW VDD_CPU_GPU_CV 1430mW/1406mW VDD_SOC 2941mW/2952mW
08-07-2026 21:18:37 RAM 2126/7607MB (lfb 7x4MB) SWAP 0/3804MB (cached 0MB) CPU [41%@1036,42%@1036,41%@1036,40%@1036,38%@729,39%@729] GR3D_FREQ 0% cpu@54.375C soc2@53.25C soc0@53.062C gpu@53.843C tj@55.312C soc1@55.312C VDD_IN 8120mW/8142mW VDD_CPU_GPU_CV 1430mW/1406mW VDD_SOC 2941mW/2952mW
08-07-2026 21:18:42 RAM 2129/7607MB (lfb 7x4MB) SWAP 0/3804MB (cached 0MB) CPU [39%@806,42%@806,39%@806,39%@806,39%@729,40%@729] GR3D_FREQ 0% cpu@54.625C soc2@53.187C soc0@53.062C gpu@53.718C tj@55.125C soc1@55.125C VDD_IN 8160mW/8142mW VDD_CPU_GPU_CV 1430mW/1406mW VDD_SOC 2941mW/2952mW
08-07-2026 21:18:47 RAM 2130/7607MB (lfb 7x4MB) SWAP 0/3804MB (cached 0MB) CPU [40%@806,41%@806,41%@806,40%@806,40%@729,39%@729] GR3D_FREQ 0% cpu@54.343C soc2@53.281C soc0@53.062C gpu@54C tj@55.187C soc1@55.187C VDD_IN 8120mW/8142mW VDD_CPU_GPU_CV 1430mW/1406mW VDD_SOC 2941mW/2952mW
08-07-2026 21:18:52 RAM 2128/7607MB (lfb 6x4MB) SWAP 0/3804MB (cached 0MB) CPU [43%@806,40%@806,39%@806,38%@806,40%@729,39%@729] GR3D_FREQ 0% cpu@54.468C soc2@53.218C soc0@52.968C gpu@53.75C tj@55.125C soc1@55.125C VDD_IN 8160mW/8142mW VDD_CPU_GPU_CV 1430mW/1407mW VDD_SOC 2941mW/2952mW
08-07-2026 21:18:57 RAM 2133/7607MB (lfb 6x4MB) SWAP 0/3804MB (cached 0MB) CPU [49%@729,42%@729,42%@729,45%@729,46%@729,47%@729] GR3D_FREQ 0% cpu@54.437C soc2@53.312C soc0@53.062C gpu@54C tj@55.281C soc1@55.281C VDD_IN 8160mW/8142mW VDD_CPU_GPU_CV 1430mW/1407mW VDD_SOC 2941mW/2952mW
08-07-2026 21:19:02 RAM 2132/7607MB (lfb 6x4MB) SWAP 0/3804MB (cached 0MB) CPU [40%@729,42%@729,40%@729,42%@729,39%@1728,40%@1728] GR3D_FREQ 0% cpu@54.468C soc2@53.218C soc0@52.937C gpu@53.781C tj@55.125C soc1@55.125C VDD_IN 8160mW/8142mW VDD_CPU_GPU_CV 1430mW/1407mW VDD_SOC 2941mW/2952mW
08-07-2026 21:19:07 RAM 2135/7607MB (lfb 6x4MB) SWAP 0/3804MB (cached 0MB) CPU [41%@729,43%@729,40%@729,41%@729,42%@729,41%@729] GR3D_FREQ 0% cpu@54.625C soc2@53.25C soc0@53C gpu@53.937C tj@55.375C soc1@55.375C VDD_IN 8160mW/8142mW VDD_CPU_GPU_CV 1430mW/1407mW VDD_SOC 2941mW/2951mW
08-07-2026 21:19:12 RAM 2135/7607MB (lfb 6x4MB) SWAP 0/3804MB (cached 0MB) CPU [42%@1728,41%@1728,39%@1728,38%@1728,40%@1728,42%@1728] GR3D_FREQ 0% cpu@54.406C soc2@53.343C soc0@53C gpu@53.843C tj@55.312C soc1@55.312C VDD_IN 8120mW/8142mW VDD_CPU_GPU_CV 1430mW/1408mW VDD_SOC 2941mW/2951mW
08-07-2026 21:19:17 RAM 2136/7607MB (lfb 5x4MB) SWAP 0/3804MB (cached 0MB) CPU [42%@1728,40%@1728,40%@1728,40%@1728,40%@1728,37%@1728] GR3D_FREQ 0% cpu@54.437C soc2@53.281C soc0@52.906C gpu@53.843C tj@55.312C soc1@55.312C VDD_IN 8120mW/8142mW VDD_CPU_GPU_CV 1430mW/1408mW VDD_SOC 2941mW/2951mW
08-07-2026 21:19:22 RAM 2134/7607MB (lfb 5x4MB) SWAP 0/3804MB (cached 0MB) CPU [41%@806,41%@806,38%@806,40%@806,39%@729,40%@729] GR3D_FREQ 0% cpu@54.718C soc2@53.093C soc0@53C gpu@53.781C tj@55.156C soc1@55.156C VDD_IN 8120mW/8142mW VDD_CPU_GPU_CV 1430mW/1408mW VDD_SOC 2941mW/2951mW
08-07-2026 21:19:27 RAM 2139/7607MB (lfb 5x4MB) SWAP 0/3804MB (cached 0MB) CPU [41%@729,43%@729,41%@729,37%@729,38%@729,39%@729] GR3D_FREQ 0% cpu@54.406C soc2@53.312C soc0@52.937C gpu@53.906C tj@55.343C soc1@55.343C VDD_IN 8160mW/8142mW VDD_CPU_GPU_CV 1430mW/1408mW VDD_SOC 2941mW/2951mW
08-07-2026 21:19:32 RAM 2139/7607MB (lfb 5x4MB) SWAP 0/3804MB (cached 0MB) CPU [41%@806,41%@806,39%@806,39%@806,37%@729,41%@729] GR3D_FREQ 0% cpu@54.593C soc2@53.25C soc0@53C gpu@53.843C tj@55.25C soc1@55.25C VDD_IN 8120mW/8142mW VDD_CPU_GPU_CV 1430mW/1409mW VDD_SOC 2941mW/2951mW
08-07-2026 21:19:37 RAM 2141/7607MB (lfb 5x4MB) SWAP 0/3804MB (cached 0MB) CPU [39%@1728,42%@1728,41%@1728,38%@1728,40%@1728,41%@1728] GR3D_FREQ 0% cpu@54.593C soc2@53.312C soc0@52.906C gpu@53.906C tj@55.218C soc1@55.218C VDD_IN 8160mW/8142mW VDD_CPU_GPU_CV 1430mW/1409mW VDD_SOC 2941mW/2951mW
08-07-2026 21:19:42 RAM 2140/7607MB (lfb 6x4MB) SWAP 0/3804MB (cached 0MB) CPU [40%@1728,41%@1728,41%@1728,39%@1728,38%@729,42%@729] GR3D_FREQ 0% cpu@54.312C soc2@53.281C soc0@53C gpu@54.031C tj@55.187C soc1@55.187C VDD_IN 8160mW/8142mW VDD_CPU_GPU_CV 1430mW/1409mW VDD_SOC 2941mW/2951mW
08-07-2026 21:19:47 RAM 2142/7607MB (lfb 6x4MB) SWAP 0/3804MB (cached 0MB) CPU [40%@806,38%@806,41%@806,39%@806,40%@729,42%@729] GR3D_FREQ 0% cpu@54.406C soc2@53.25C soc0@53.062C gpu@53.875C tj@55.312C soc1@55.312C VDD_IN 8120mW/8142mW VDD_CPU_GPU_CV 1430mW/1409mW VDD_SOC 2941mW/2951mW
08-07-2026 21:19:52 RAM 2143/7607MB (lfb 6x4MB) SWAP 0/3804MB (cached 0MB) CPU [40%@806,39%@806,42%@806,39%@806,40%@729,39%@729] GR3D_FREQ 0% cpu@54.5C soc2@53.281C soc0@53C gpu@53.812C tj@55.062C soc1@55.062C VDD_IN 8120mW/8142mW VDD_CPU_GPU_CV 1391mW/1409mW VDD_SOC 2941mW/2951mW
08-07-2026 21:19:57 RAM 2145/7607MB (lfb 6x4MB) SWAP 0/3804MB (cached 0MB) CPU [41%@1728,39%@1728,39%@1728,39%@1728,39%@1728,36%@1728] GR3D_FREQ 0% cpu@54.312C soc2@53.343C soc0@53.031C gpu@53.75C tj@55.281C soc1@55.281C VDD_IN 8160mW/8142mW VDD_CPU_GPU_CV 1430mW/1409mW VDD_SOC 2941mW/2950mW
08-07-2026 21:20:02 RAM 2145/7607MB (lfb 5x4MB) SWAP 0/3804MB (cached 0MB) CPU [41%@729,38%@729,38%@729,37%@729,39%@729,43%@729] GR3D_FREQ 0% cpu@54.375C soc2@53.156C soc0@52.906C gpu@53.656C tj@55.093C soc1@55.093C VDD_IN 8120mW/8142mW VDD_CPU_GPU_CV 1430mW/1409mW VDD_SOC 2941mW/2950mW
08-07-2026 21:20:07 RAM 2148/7607MB (lfb 5x4MB) SWAP 0/3804MB (cached 0MB) CPU [43%@729,43%@729,43%@729,41%@729,40%@729,42%@729] GR3D_FREQ 0% cpu@54.406C soc2@53.281C soc0@53.031C gpu@53.812C tj@55.218C soc1@55.281C VDD_IN 8120mW/8141mW VDD_CPU_GPU_CV 1430mW/1410mW VDD_SOC 2941mW/2950mW
08-07-2026 21:20:12 RAM 2149/7607MB (lfb 6x4MB) SWAP 0/3804MB (cached 0MB) CPU [40%@806,41%@806,43%@806,40%@806,41%@960,40%@960] GR3D_FREQ 0% cpu@54.187C soc2@53.156C soc0@52.812C gpu@54.031C tj@55.125C soc1@55.125C VDD_IN 8160mW/8142mW VDD_CPU_GPU_CV 1430mW/1410mW VDD_SOC 2941mW/2950mW
08-07-2026 21:20:17 RAM 2151/7607MB (lfb 6x4MB) SWAP 0/3804MB (cached 0MB) CPU [40%@729,39%@729,41%@729,41%@729,38%@729,39%@729] GR3D_FREQ 0% cpu@54.312C soc2@53.218C soc0@52.968C gpu@53.906C tj@55.218C soc1@55.156C VDD_IN 8120mW/8141mW VDD_CPU_GPU_CV 1430mW/1410mW VDD_SOC 2941mW/2950mW
08-07-2026 21:20:22 RAM 2145/7607MB (lfb 6x4MB) SWAP 0/3804MB (cached 0MB) CPU [39%@1728,39%@1728,39%@1728,41%@1728,40%@1728,45%@1728] GR3D_FREQ 0% cpu@54.343C soc2@53.187C soc0@52.937C gpu@53.781C tj@55.062C soc1@55.062C VDD_IN 8160mW/8141mW VDD_CPU_GPU_CV 1430mW/1410mW VDD_SOC 2941mW/2950mW
08-07-2026 21:20:27 RAM 2154/7607MB (lfb 5x4MB) SWAP 0/3804MB (cached 0MB) CPU [46%@1036,42%@1036,44%@1036,40%@1036,43%@729,43%@729] GR3D_FREQ 0% cpu@54.406C soc2@53.25C soc0@52.968C gpu@53.781C tj@55.125C soc1@55.125C VDD_IN 8743mW/8147mW VDD_CPU_GPU_CV 1904mW/1415mW VDD_SOC 2980mW/2950mW
08-07-2026 21:20:32 RAM 2154/7607MB (lfb 5x4MB) SWAP 0/3804MB (cached 0MB) CPU [41%@883,40%@883,40%@883,41%@883,39%@729,39%@729] GR3D_FREQ 0% cpu@54.562C soc2@53.156C soc0@52.781C gpu@53.75C tj@55.062C soc1@55.062C VDD_IN 8160mW/8147mW VDD_CPU_GPU_CV 1430mW/1415mW VDD_SOC 2941mW/2950mW
08-07-2026 21:20:37 RAM 2161/7607MB (lfb 6x4MB) SWAP 0/3804MB (cached 0MB) CPU [41%@806,39%@806,40%@806,39%@806,41%@729,43%@729] GR3D_FREQ 0% cpu@54.312C soc2@53.281C soc0@52.906C gpu@53.656C tj@55.156C soc1@55.156C VDD_IN 8120mW/8147mW VDD_CPU_GPU_CV 1430mW/1415mW VDD_SOC 2941mW/2950mW
08-07-2026 21:20:42 RAM 2164/7607MB (lfb 6x4MB) SWAP 0/3804MB (cached 0MB) CPU [41%@1728,39%@1728,40%@1728,41%@1728,41%@1728,42%@1728] GR3D_FREQ 0% cpu@54.625C soc2@53.218C soc0@52.781C gpu@54.062C tj@55.062C soc1@55.062C VDD_IN 8479mW/8150mW VDD_CPU_GPU_CV 1706mW/1418mW VDD_SOC 2941mW/2950mW
08-07-2026 21:20:47 RAM 2180/7607MB (lfb 6x4MB) SWAP 0/3804MB (cached 0MB) CPU [41%@1728,44%@1728,41%@1728,38%@1728,43%@1728,44%@1728] GR3D_FREQ 0% cpu@54.343C soc2@53.218C soc0@53C gpu@53.843C tj@55.187C soc1@55.187C VDD_IN 8120mW/8150mW VDD_CPU_GPU_CV 1391mW/1417mW VDD_SOC 2941mW/2950mW
08-07-2026 21:20:52 RAM 2181/7607MB (lfb 7x4MB) SWAP 0/3804MB (cached 0MB) CPU [39%@883,41%@883,38%@883,38%@883,41%@729,41%@729] GR3D_FREQ 0% cpu@54.312C soc2@53.218C soc0@52.906C gpu@54C tj@55.093C soc1@55.093C VDD_IN 8160mW/8150mW VDD_CPU_GPU_CV 1430mW/1417mW VDD_SOC 2941mW/2950mW
08-07-2026 21:20:57 RAM 2193/7607MB (lfb 6x4MB) SWAP 0/3804MB (cached 0MB) CPU [40%@1728,41%@1728,42%@1728,40%@1728,40%@729,39%@729] GR3D_FREQ 0% cpu@54.375C soc2@53.281C soc0@53.093C gpu@53.812C tj@55.187C soc1@55.281C VDD_IN 8120mW/8149mW VDD_CPU_GPU_CV 1430mW/1418mW VDD_SOC 2941mW/2950mW
08-07-2026 21:21:02 RAM 2195/7607MB (lfb 6x4MB) SWAP 0/3804MB (cached 0MB) CPU [39%@806,40%@806,40%@806,38%@806,41%@1728,40%@1728] GR3D_FREQ 0% cpu@54.5C soc2@53.125C soc0@52.937C gpu@53.781C tj@55.093C soc1@55.093C VDD_IN 8120mW/8149mW VDD_CPU_GPU_CV 1430mW/1418mW VDD_SOC 2941mW/2950mW
08-07-2026 21:21:07 RAM 2194/7607MB (lfb 5x4MB) SWAP 0/3804MB (cached 0MB) CPU [41%@806,44%@806,40%@806,40%@806,38%@729,40%@729] GR3D_FREQ 0% cpu@54.343C soc2@53.187C soc0@52.968C gpu@53.656C tj@55.062C soc1@55.062C VDD_IN 8120mW/8149mW VDD_CPU_GPU_CV 1430mW/1418mW VDD_SOC 2941mW/2950mW
08-07-2026 21:21:12 RAM 2192/7607MB (lfb 5x4MB) SWAP 0/3804MB (cached 0MB) CPU [41%@729,43%@729,41%@729,37%@729,40%@729,38%@729] GR3D_FREQ 0% cpu@54.625C soc2@53.031C soc0@52.906C gpu@53.812C tj@55.062C soc1@55.062C VDD_IN 8160mW/8149mW VDD_CPU_GPU_CV 1430mW/1418mW VDD_SOC 2941mW/2950mW
08-07-2026 21:21:17 RAM 2194/7607MB (lfb 5x4MB) SWAP 0/3804MB (cached 0MB) CPU [41%@729,42%@729,41%@729,40%@729,38%@960,38%@960] GR3D_FREQ 0% cpu@54.312C soc2@53.125C soc0@52.906C gpu@53.687C tj@55.187C soc1@55.187C VDD_IN 8160mW/8149mW VDD_CPU_GPU_CV 1430mW/1418mW VDD_SOC 2941mW/2950mW
08-07-2026 21:21:22 RAM 2194/7607MB (lfb 6x4MB) SWAP 0/3804MB (cached 0MB) CPU [40%@1728,42%@1728,40%@1728,39%@1728,36%@1728,39%@1728] GR3D_FREQ 0% cpu@54.281C soc2@53.187C soc0@52.812C gpu@53.968C tj@55.062C soc1@55.062C VDD_IN 8160mW/8149mW VDD_CPU_GPU_CV 1430mW/1418mW VDD_SOC 2941mW/2949mW
08-07-2026 21:21:27 RAM 2199/7607MB (lfb 6x4MB) SWAP 0/3804MB (cached 0MB) CPU [40%@729,42%@729,39%@729,41%@729,38%@729,41%@729] GR3D_FREQ 0% cpu@54.25C soc2@53.187C soc0@52.875C gpu@53.593C tj@55.093C soc1@55.187C VDD_IN 8160mW/8149mW VDD_CPU_GPU_CV 1430mW/1418mW VDD_SOC 2941mW/2949mW
08-07-2026 21:21:32 RAM 2200/7607MB (lfb 6x4MB) SWAP 0/3804MB (cached 0MB) CPU [40%@729,44%@729,40%@729,41%@729,40%@729,40%@729] GR3D_FREQ 0% cpu@54.25C soc2@53.218C soc0@52.875C gpu@53.937C tj@55.031C soc1@55.031C VDD_IN 8120mW/8149mW VDD_CPU_GPU_CV 1430mW/1418mW VDD_SOC 2941mW/2949mW
08-07-2026 21:21:37 RAM 2201/7607MB (lfb 5x4MB) SWAP 0/3804MB (cached 0MB) CPU [37%@960,40%@960,41%@960,40%@960,40%@729,41%@729] GR3D_FREQ 0% cpu@54.187C soc2@53.093C soc0@52.718C gpu@53.875C tj@55.093C soc1@55.093C VDD_IN 8120mW/8149mW VDD_CPU_GPU_CV 1430mW/1418mW VDD_SOC 2941mW/2949mW
08-07-2026 21:21:42 RAM 2203/7607MB (lfb 5x4MB) SWAP 0/3804MB (cached 0MB) CPU [40%@1728,40%@1728,38%@1728,40%@1728,39%@1728,39%@1728] GR3D_FREQ 0% cpu@54.312C soc2@53.156C soc0@52.843C gpu@53.906C tj@55.093C soc1@55.093C VDD_IN 8120mW/8149mW VDD_CPU_GPU_CV 1430mW/1419mW VDD_SOC 2941mW/2949mW
08-07-2026 21:21:47 RAM 2203/7607MB (lfb 5x4MB) SWAP 0/3804MB (cached 0MB) CPU [40%@806,42%@806,39%@806,39%@806,41%@729,42%@729] GR3D_FREQ 0% cpu@54.281C soc2@53.125C soc0@52.843C gpu@53.781C tj@55.187C soc1@55.187C VDD_IN 8120mW/8148mW VDD_CPU_GPU_CV 1430mW/1419mW VDD_SOC 2941mW/2949mW
08-07-2026 21:21:52 RAM 2203/7607MB (lfb 6x4MB) SWAP 0/3804MB (cached 0MB) CPU [43%@729,40%@729,43%@729,40%@729,43%@729,44%@729] GR3D_FREQ 0% cpu@54.343C soc2@53.062C soc0@52.843C gpu@53.687C tj@55.062C soc1@55.062C VDD_IN 8200mW/8149mW VDD_CPU_GPU_CV 1470mW/1419mW VDD_SOC 2941mW/2949mW
08-07-2026 21:21:57 RAM 2204/7607MB (lfb 7x4MB) SWAP 0/3804MB (cached 0MB) CPU [40%@806,38%@806,42%@806,40%@806,40%@729,39%@729] GR3D_FREQ 0% cpu@54.218C soc2@53.062C soc0@52.687C gpu@53.718C tj@55.125C soc1@55.125C VDD_IN 8120mW/8149mW VDD_CPU_GPU_CV 1430mW/1419mW VDD_SOC 2941mW/2949mW
08-07-2026 21:22:02 RAM 2204/7607MB (lfb 7x4MB) SWAP 0/3804MB (cached 0MB) CPU [39%@729,41%@729,41%@729,38%@729,39%@729,41%@729] GR3D_FREQ 0% cpu@54.156C soc2@52.968C soc0@52.781C gpu@53.531C tj@54.937C soc1@54.937C VDD_IN 8160mW/8149mW VDD_CPU_GPU_CV 1430mW/1419mW VDD_SOC 2941mW/2949mW
08-07-2026 21:22:07 RAM 2208/7607MB (lfb 7x4MB) SWAP 0/3804MB (cached 0MB) CPU [42%@883,41%@883,41%@883,40%@883,40%@1728,43%@1728] GR3D_FREQ 0% cpu@54.312C soc2@53.062C soc0@52.656C gpu@53.562C tj@55.062C soc1@55.062C VDD_IN 8120mW/8148mW VDD_CPU_GPU_CV 1430mW/1419mW VDD_SOC 2941mW/2949mW
08-07-2026 21:22:12 RAM 2208/7607MB (lfb 6x4MB) SWAP 0/3804MB (cached 0MB) CPU [38%@806,37%@806,40%@806,37%@806,40%@729,42%@729] GR3D_FREQ 0% cpu@54.25C soc2@52.937C soc0@52.718C gpu@53.906C tj@54.906C soc1@54.906C VDD_IN 8120mW/8148mW VDD_CPU_GPU_CV 1430mW/1419mW VDD_SOC 2941mW/2949mW
08-07-2026 21:22:17 RAM 2213/7607MB (lfb 6x4MB) SWAP 0/3804MB (cached 0MB) CPU [41%@1728,42%@1728,41%@1728,50%@1728,40%@729,41%@729] GR3D_FREQ 0% cpu@54.25C soc2@53.125C soc0@52.718C gpu@53.75C tj@55.187C soc1@55.187C VDD_IN 8160mW/8148mW VDD_CPU_GPU_CV 1430mW/1419mW VDD_SOC 2941mW/2949mW
08-07-2026 21:22:22 RAM 2212/7607MB (lfb 6x4MB) SWAP 0/3804MB (cached 0MB) CPU [42%@729,41%@729,40%@729,37%@729,41%@806,40%@806] GR3D_FREQ 0% cpu@54.468C soc2@53.093C soc0@52.812C gpu@53.875C tj@55.062C soc1@55.062C VDD_IN 8120mW/8148mW VDD_CPU_GPU_CV 1391mW/1419mW VDD_SOC 2941mW/2949mW
08-07-2026 21:22:27 RAM 2214/7607MB (lfb 6x4MB) SWAP 0/3804MB (cached 0MB) CPU [39%@729,43%@729,39%@729,40%@729,38%@729,40%@729] GR3D_FREQ 0% cpu@54.218C soc2@53.125C soc0@52.781C gpu@53.718C tj@55.125C soc1@55.125C VDD_IN 8120mW/8148mW VDD_CPU_GPU_CV 1430mW/1419mW VDD_SOC 2941mW/2949mW
08-07-2026 21:22:32 RAM 2214/7607MB (lfb 7x4MB) SWAP 0/3804MB (cached 0MB) CPU [41%@729,41%@729,42%@729,40%@729,36%@729,39%@729] GR3D_FREQ 0% cpu@54.375C soc2@53.125C soc0@52.875C gpu@53.656C tj@55C soc1@55C VDD_IN 8120mW/8148mW VDD_CPU_GPU_CV 1430mW/1419mW VDD_SOC 2941mW/2949mW
08-07-2026 21:22:37 RAM 2215/7607MB (lfb 7x4MB) SWAP 0/3804MB (cached 0MB) CPU [42%@1036,40%@1036,38%@729,38%@729,40%@729,40%@729] GR3D_FREQ 0% cpu@54.281C soc2@53.093C soc0@52.656C gpu@53.75C tj@55.187C soc1@55.187C VDD_IN 8120mW/8147mW VDD_CPU_GPU_CV 1430mW/1419mW VDD_SOC 2941mW/2949mW
08-07-2026 21:22:42 RAM 2217/7607MB (lfb 7x4MB) SWAP 0/3804MB (cached 0MB) CPU [42%@883,40%@883,41%@883,41%@883,39%@1728,37%@1728] GR3D_FREQ 0% cpu@54.25C soc2@53.093C soc0@52.906C gpu@53.625C tj@55C soc1@54.937C VDD_IN 8160mW/8148mW VDD_CPU_GPU_CV 1430mW/1420mW VDD_SOC 2941mW/2948mW
08-07-2026 21:22:48 RAM 2219/7607MB (lfb 7x4MB) SWAP 0/3804MB (cached 0MB) CPU [40%@729,41%@729,41%@729,40%@729,38%@806,39%@806] GR3D_FREQ 0% cpu@54.406C soc2@53.125C soc0@52.843C gpu@53.593C tj@55.156C soc1@54.937C VDD_IN 8120mW/8147mW VDD_CPU_GPU_CV 1430mW/1420mW VDD_SOC 2941mW/2948mW
08-07-2026 21:22:53 RAM 2219/7607MB (lfb 6x4MB) SWAP 0/3804MB (cached 0MB) CPU [39%@806,39%@806,42%@1728,38%@1728,40%@729,38%@729] GR3D_FREQ 0% cpu@54.218C soc2@53.125C soc0@52.843C gpu@53.625C tj@55.031C soc1@55.031C VDD_IN 8120mW/8147mW VDD_CPU_GPU_CV 1430mW/1420mW VDD_SOC 2941mW/2948mW
08-07-2026 21:22:58 RAM 2220/7607MB (lfb 6x4MB) SWAP 0/3804MB (cached 0MB) CPU [42%@1728,42%@729,40%@729,40%@729,37%@729,39%@729] GR3D_FREQ 0% cpu@54.437C soc2@53.25C soc0@52.812C gpu@53.625C tj@55.031C soc1@55.031C VDD_IN 8120mW/8147mW VDD_CPU_GPU_CV 1430mW/1420mW VDD_SOC 2941mW/2948mW
08-07-2026 21:23:03 RAM 2221/7607MB (lfb 6x4MB) SWAP 0/3804MB (cached 0MB) CPU [41%@883,43%@883,43%@883,41%@883,35%@729,36%@729] GR3D_FREQ 0% cpu@54.312C soc2@53.125C soc0@52.906C gpu@53.656C tj@55.093C soc1@55.093C VDD_IN 8120mW/8147mW VDD_CPU_GPU_CV 1391mW/1420mW VDD_SOC 2941mW/2948mW
08-07-2026 21:23:08 RAM 2222/7607MB (lfb 6x4MB) SWAP 0/3804MB (cached 0MB) CPU [40%@806,40%@806,42%@806,40%@806,38%@806,39%@806] GR3D_FREQ 0% cpu@54.375C soc2@53.187C soc0@52.718C gpu@53.625C tj@55.062C soc1@55.062C VDD_IN 8120mW/8147mW VDD_CPU_GPU_CV 1391mW/1419mW VDD_SOC 2941mW/2948mW
08-07-2026 21:23:13 RAM 2224/7607MB (lfb 6x4MB) SWAP 0/3804MB (cached 0MB) CPU [40%@1728,42%@1728,42%@1728,41%@1728,39%@1728,44%@1728] GR3D_FREQ 0% cpu@54.187C soc2@53.187C soc0@52.906C gpu@53.906C tj@55.093C soc1@55.093C VDD_IN 8160mW/8147mW VDD_CPU_GPU_CV 1430mW/1419mW VDD_SOC 2941mW/2948mW
08-07-2026 21:23:18 RAM 2224/7607MB (lfb 7x4MB) SWAP 0/3804MB (cached 0MB) CPU [38%@806,37%@806,40%@806,40%@806,43%@1728,42%@1728] GR3D_FREQ 0% cpu@54.312C soc2@53.062C soc0@52.875C gpu@53.656C tj@55.031C soc1@55.031C VDD_IN 8120mW/8146mW VDD_CPU_GPU_CV 1430mW/1419mW VDD_SOC 2941mW/2948mW
08-07-2026 21:23:23 RAM 2224/7607MB (lfb 7x4MB) SWAP 0/3804MB (cached 0MB) CPU [40%@729,39%@729,40%@729,37%@1728,42%@729,41%@729] GR3D_FREQ 0% cpu@54.406C soc2@53.312C soc0@52.968C gpu@53.812C tj@55.125C soc1@55.125C VDD_IN 8120mW/8146mW VDD_CPU_GPU_CV 1430mW/1420mW VDD_SOC 2941mW/2948mW
08-07-2026 21:23:28 RAM 2224/7607MB (lfb 7x4MB) SWAP 0/3804MB (cached 0MB) CPU [39%@729,41%@729,38%@729,39%@729,41%@729,39%@729] GR3D_FREQ 0% cpu@54.125C soc2@53.031C soc0@52.875C gpu@53.75C tj@55.062C soc1@55.062C VDD_IN 8120mW/8146mW VDD_CPU_GPU_CV 1430mW/1420mW VDD_SOC 2941mW/2948mW
08-07-2026 21:23:33 RAM 2227/7607MB (lfb 7x4MB) SWAP 0/3804MB (cached 0MB) CPU [41%@729,40%@729,39%@729,39%@729,41%@729,41%@729] GR3D_FREQ 0% cpu@54.468C soc2@53.093C soc0@52.75C gpu@53.843C tj@55C soc1@55C VDD_IN 8120mW/8146mW VDD_CPU_GPU_CV 1430mW/1420mW VDD_SOC 2941mW/2948mW
08-07-2026 21:23:38 RAM 2227/7607MB (lfb 6x4MB) SWAP 0/3804MB (cached 0MB) CPU [43%@729,41%@729,41%@729,41%@729,36%@1728,37%@1728] GR3D_FREQ 0% cpu@54.218C soc2@53.062C soc0@52.75C gpu@53.562C tj@54.937C soc1@54.937C VDD_IN 8120mW/8146mW VDD_CPU_GPU_CV 1430mW/1420mW VDD_SOC 2941mW/2948mW
08-07-2026 21:23:43 RAM 2228/7607MB (lfb 6x4MB) SWAP 0/3804MB (cached 0MB) CPU [40%@729,41%@729,41%@729,37%@729,40%@1728,39%@1728] GR3D_FREQ 0% cpu@54.218C soc2@53.062C soc0@52.843C gpu@53.75C tj@55.062C soc1@55.062C VDD_IN 8120mW/8146mW VDD_CPU_GPU_CV 1430mW/1420mW VDD_SOC 2941mW/2948mW
08-07-2026 21:23:48 RAM 2231/7607MB (lfb 6x4MB) SWAP 0/3804MB (cached 0MB) CPU [40%@729,40%@729,42%@729,41%@729,37%@729,41%@729] GR3D_FREQ 0% cpu@54.343C soc2@53.093C soc0@52.843C gpu@53.656C tj@54.968C soc1@54.968C VDD_IN 8120mW/8145mW VDD_CPU_GPU_CV 1391mW/1420mW VDD_SOC 2941mW/2948mW
08-07-2026 21:23:53 RAM 2233/7607MB (lfb 6x4MB) SWAP 0/3804MB (cached 0MB) CPU [40%@806,40%@806,40%@806,38%@806,39%@729,40%@729] GR3D_FREQ 0% cpu@54.156C soc2@53.125C soc0@52.875C gpu@53.781C tj@55.062C soc1@55.062C VDD_IN 8120mW/8145mW VDD_CPU_GPU_CV 1430mW/1420mW VDD_SOC 2941mW/2948mW
08-07-2026 21:23:58 RAM 2234/7607MB (lfb 7x4MB) SWAP 0/3804MB (cached 0MB) CPU [40%@729,40%@729,41%@729,38%@729,37%@806,41%@806] GR3D_FREQ 0% cpu@54.312C soc2@53.093C soc0@52.812C gpu@53.656C tj@54.968C soc1@54.968C VDD_IN 8160mW/8145mW VDD_CPU_GPU_CV 1430mW/1420mW VDD_SOC 2941mW/2948mW
08-07-2026 21:24:03 RAM 2234/7607MB (lfb 7x4MB) SWAP 0/3804MB (cached 0MB) CPU [41%@729,41%@729,37%@729,40%@729,40%@729,39%@729] GR3D_FREQ 0% cpu@54.312C soc2@53.187C soc0@52.843C gpu@53.843C tj@55.062C soc1@55.062C VDD_IN 8160mW/8145mW VDD_CPU_GPU_CV 1430mW/1420mW VDD_SOC 2941mW/2948mW
08-07-2026 21:24:08 RAM 2236/7607MB (lfb 7x4MB) SWAP 0/3804MB (cached 0MB) CPU [41%@729,39%@729,42%@729,39%@729,40%@729,40%@729] GR3D_FREQ 0% cpu@54.437C soc2@53.093C soc0@52.843C gpu@53.656C tj@55.093C soc1@55.093C VDD_IN 8120mW/8145mW VDD_CPU_GPU_CV 1430mW/1420mW VDD_SOC 2941mW/2948mW
08-07-2026 21:24:13 RAM 2244/7607MB (lfb 5x4MB) SWAP 0/3804MB (cached 0MB) CPU [40%@806,40%@806,40%@806,42%@806,39%@729,42%@729] GR3D_FREQ 0% cpu@54.218C soc2@53.25C soc0@52.843C gpu@53.812C tj@55.156C soc1@55.156C VDD_IN 8160mW/8145mW VDD_CPU_GPU_CV 1430mW/1420mW VDD_SOC 2941mW/2948mW
08-07-2026 21:24:18 RAM 2243/7607MB (lfb 5x4MB) SWAP 0/3804MB (cached 0MB) CPU [41%@883,41%@883,42%@883,43%@883,40%@806,40%@806] GR3D_FREQ 0% cpu@54.656C soc2@53.218C soc0@52.875C gpu@53.75C tj@55.031C soc1@55.031C VDD_IN 8160mW/8145mW VDD_CPU_GPU_CV 1430mW/1420mW VDD_SOC 2941mW/2948mW
08-07-2026 21:24:23 RAM 2239/7607MB (lfb 6x4MB) SWAP 0/3804MB (cached 0MB) CPU [39%@729,40%@729,41%@729,39%@729,42%@729,42%@729] GR3D_FREQ 0% cpu@54.281C soc2@53.218C soc0@52.812C gpu@53.718C tj@55.25C soc1@55.343C VDD_IN 8160mW/8146mW VDD_CPU_GPU_CV 1430mW/1420mW VDD_SOC 2941mW/2948mW
08-07-2026 21:24:28 RAM 2238/7607MB (lfb 7x4MB) SWAP 0/3804MB (cached 0MB) CPU [40%@1728,40%@1728,39%@1728,40%@1728,37%@883,41%@883] GR3D_FREQ 0% cpu@54.218C soc2@53.312C soc0@52.906C gpu@53.812C tj@55.093C soc1@55.093C VDD_IN 8160mW/8146mW VDD_CPU_GPU_CV 1430mW/1420mW VDD_SOC 2941mW/2947mW
08-07-2026 21:24:33 RAM 2240/7607MB (lfb 7x4MB) SWAP 0/3804MB (cached 0MB) CPU [40%@1728,40%@1728,38%@1728,39%@1728,42%@1728,42%@1728] GR3D_FREQ 0% cpu@54.468C soc2@53.281C soc0@52.875C gpu@53.687C tj@55.312C soc1@55.312C VDD_IN 8120mW/8145mW VDD_CPU_GPU_CV 1430mW/1420mW VDD_SOC 2941mW/2947mW
08-07-2026 21:24:38 RAM 2241/7607MB (lfb 7x4MB) SWAP 0/3804MB (cached 0MB) CPU [40%@806,40%@806,38%@806,41%@806,40%@1728,39%@1728] GR3D_FREQ 0% cpu@54.25C soc2@53.25C soc0@52.906C gpu@54C tj@55.062C soc1@55.062C VDD_IN 8120mW/8145mW VDD_CPU_GPU_CV 1430mW/1420mW VDD_SOC 2941mW/2947mW
08-07-2026 21:24:43 RAM 2249/7607MB (lfb 5x4MB) SWAP 0/3804MB (cached 0MB) CPU [42%@729,40%@729,42%@729,39%@729,38%@729,39%@729] GR3D_FREQ 0% cpu@54.312C soc2@53.25C soc0@52.906C gpu@53.875C tj@55.25C soc1@55.25C VDD_IN 8160mW/8145mW VDD_CPU_GPU_CV 1430mW/1420mW VDD_SOC 2941mW/2947mW
08-07-2026 21:24:48 RAM 2250/7607MB (lfb 5x4MB) SWAP 0/3804MB (cached 0MB) CPU [41%@729,39%@729,40%@729,37%@729,42%@960,40%@960] GR3D_FREQ 0% cpu@54.437C soc2@53.125C soc0@52.906C gpu@53.968C tj@55C soc1@55.093C VDD_IN 8120mW/8145mW VDD_CPU_GPU_CV 1430mW/1420mW VDD_SOC 2941mW/2947mW
08-07-2026 21:24:53 RAM 2251/7607MB (lfb 5x4MB) SWAP 0/3804MB (cached 0MB) CPU [40%@1728,42%@1728,39%@1728,38%@1728,40%@729,42%@729] GR3D_FREQ 0% cpu@54.218C soc2@53.187C soc0@52.906C gpu@53.906C tj@55.25C soc1@55.25C VDD_IN 8120mW/8145mW VDD_CPU_GPU_CV 1430mW/1420mW VDD_SOC 2941mW/2947mW
08-07-2026 21:24:58 RAM 2253/7607MB (lfb 5x4MB) SWAP 0/3804MB (cached 0MB) CPU [41%@883,42%@883,41%@883,40%@883,39%@729,40%@729] GR3D_FREQ 0% cpu@54.468C soc2@53.187C soc0@52.812C gpu@53.75C tj@55.062C soc1@55.062C VDD_IN 8120mW/8145mW VDD_CPU_GPU_CV 1430mW/1421mW VDD_SOC 2941mW/2947mW
08-07-2026 21:25:03 RAM 2250/7607MB (lfb 6x4MB) SWAP 0/3804MB (cached 0MB) CPU [41%@729,41%@729,42%@729,42%@1728,37%@960,39%@960] GR3D_FREQ 0% cpu@54.281C soc2@53.218C soc0@52.781C gpu@53.812C tj@55.187C soc1@54.968C VDD_IN 8160mW/8145mW VDD_CPU_GPU_CV 1430mW/1421mW VDD_SOC 2941mW/2947mW
08-07-2026 21:25:08 RAM 2252/7607MB (lfb 6x4MB) SWAP 0/3804MB (cached 0MB) CPU [38%@806,40%@806,39%@806,40%@806,42%@729,43%@729] GR3D_FREQ 0% cpu@54.25C soc2@53.25C soc0@53.031C gpu@53.718C tj@55.125C soc1@55.062C VDD_IN 8200mW/8145mW VDD_CPU_GPU_CV 1470mW/1421mW VDD_SOC 2941mW/2947mW
08-07-2026 21:25:13 RAM 2254/7607MB (lfb 6x4MB) SWAP 0/3804MB (cached 0MB) CPU [41%@1728,41%@806,41%@806,41%@806,42%@729,42%@729] GR3D_FREQ 0% cpu@54.531C soc2@53.281C soc0@52.843C gpu@53.875C tj@55.062C soc1@55.062C VDD_IN 8160mW/8145mW VDD_CPU_GPU_CV 1430mW/1421mW VDD_SOC 2941mW/2947mW
08-07-2026 21:25:18 RAM 2254/7607MB (lfb 5x4MB) SWAP 0/3804MB (cached 0MB) CPU [39%@806,42%@806,41%@806,42%@806,40%@729,41%@729] GR3D_FREQ 0% cpu@54.343C soc2@53.187C soc0@52.937C gpu@53.812C tj@55.218C soc1@55.218C VDD_IN 8120mW/8145mW VDD_CPU_GPU_CV 1430mW/1421mW VDD_SOC 2941mW/2947mW
08-07-2026 21:25:23 RAM 2254/7607MB (lfb 5x4MB) SWAP 0/3804MB (cached 0MB) CPU [37%@729,39%@729,38%@729,39%@729,45%@729,42%@729] GR3D_FREQ 0% cpu@54.625C soc2@53.281C soc0@52.875C gpu@53.718C tj@55.406C soc1@55C VDD_IN 8160mW/8145mW VDD_CPU_GPU_CV 1430mW/1421mW VDD_SOC 2941mW/2947mW
08-07-2026 21:25:28 RAM 2256/7607MB (lfb 5x4MB) SWAP 0/3804MB (cached 0MB) CPU [40%@1728,39%@1728,38%@1728,40%@1728,41%@1728,41%@1728] GR3D_FREQ 0% cpu@54.531C soc2@53.25C soc0@52.875C gpu@53.937C tj@55.218C soc1@55.218C VDD_IN 8160mW/8145mW VDD_CPU_GPU_CV 1430mW/1421mW VDD_SOC 2941mW/2947mW
08-07-2026 21:25:33 RAM 2258/7607MB (lfb 5x4MB) SWAP 0/3804MB (cached 0MB) CPU [40%@883,41%@883,38%@883,40%@883,40%@1728,41%@1728] GR3D_FREQ 0% cpu@54.437C soc2@53.343C soc0@52.906C gpu@53.687C tj@55.343C soc1@55.343C VDD_IN 8160mW/8146mW VDD_CPU_GPU_CV 1430mW/1421mW VDD_SOC 2941mW/2947mW
08-07-2026 21:25:38 RAM 2260/7607MB (lfb 5x4MB) SWAP 0/3804MB (cached 0MB) CPU [42%@729,39%@729,43%@729,38%@729,35%@729,42%@729] GR3D_FREQ 0% cpu@54.531C soc2@53.156C soc0@52.906C gpu@54C tj@55.125C soc1@55.125C VDD_IN 8160mW/8146mW VDD_CPU_GPU_CV 1430mW/1421mW VDD_SOC 2941mW/2947mW
08-07-2026 21:25:43 RAM 2261/7607MB (lfb 5x4MB) SWAP 0/3804MB (cached 0MB) CPU [39%@729,42%@729,41%@729,40%@729,36%@729,40%@729] GR3D_FREQ 0% cpu@54.343C soc2@53.25C soc0@52.968C gpu@53.812C tj@55.125C soc1@55.125C VDD_IN 8160mW/8146mW VDD_CPU_GPU_CV 1430mW/1421mW VDD_SOC 2941mW/2947mW
08-07-2026 21:25:48 RAM 2262/7607MB (lfb 6x4MB) SWAP 0/3804MB (cached 0MB) CPU [40%@729,41%@729,41%@729,41%@729,38%@806,40%@806] GR3D_FREQ 0% cpu@54.25C soc2@53.281C soc0@53.031C gpu@53.968C tj@55.218C soc1@55.218C VDD_IN 8160mW/8146mW VDD_CPU_GPU_CV 1430mW/1421mW VDD_SOC 2941mW/2947mW
08-07-2026 21:25:53 RAM 2263/7607MB (lfb 6x4MB) SWAP 0/3804MB (cached 0MB) CPU [39%@729,41%@729,42%@729,40%@729,39%@729,39%@729] GR3D_FREQ 0% cpu@54.531C soc2@53.281C soc0@52.906C gpu@53.843C tj@55.062C soc1@55.062C VDD_IN 8160mW/8146mW VDD_CPU_GPU_CV 1430mW/1421mW VDD_SOC 2941mW/2947mW
08-07-2026 21:25:58 RAM 2264/7607MB (lfb 6x4MB) SWAP 0/3804MB (cached 0MB) CPU [40%@806,42%@806,39%@806,41%@806,38%@729,40%@729] GR3D_FREQ 0% cpu@54.343C soc2@53.25C soc0@53.031C gpu@53.812C tj@55.218C soc1@55.218C VDD_IN 8160mW/8146mW VDD_CPU_GPU_CV 1430mW/1421mW VDD_SOC 2941mW/2947mW
08-07-2026 21:26:03 RAM 2264/7607MB (lfb 5x4MB) SWAP 0/3804MB (cached 0MB) CPU [41%@729,42%@729,41%@729,42%@729,38%@883,43%@883] GR3D_FREQ 0% cpu@54.593C soc2@53.343C soc0@52.812C gpu@53.781C tj@55.062C soc1@55.218C VDD_IN 8160mW/8146mW VDD_CPU_GPU_CV 1430mW/1421mW VDD_SOC 2941mW/2947mW
08-07-2026 21:26:08 RAM 2263/7607MB (lfb 5x4MB) SWAP 0/3804MB (cached 0MB) CPU [42%@806,42%@806,41%@806,41%@806,37%@1728,39%@1728] GR3D_FREQ 0% cpu@54.5C soc2@53.281C soc0@53.062C gpu@53.875C tj@55.218C soc1@55.218C VDD_IN 8160mW/8146mW VDD_CPU_GPU_CV 1430mW/1422mW VDD_SOC 2941mW/2947mW
08-07-2026 21:26:13 RAM 2264/7607MB (lfb 5x4MB) SWAP 0/3804MB (cached 0MB) CPU [40%@1728,41%@1728,41%@1728,39%@1728,40%@729,42%@729] GR3D_FREQ 0% cpu@54.5C soc2@53.125C soc0@52.937C gpu@53.687C tj@55.062C soc1@55.062C VDD_IN 8120mW/8146mW VDD_CPU_GPU_CV 1391mW/1421mW VDD_SOC 2941mW/2947mW
08-07-2026 21:26:18 RAM 2265/7607MB (lfb 5x4MB) SWAP 0/3804MB (cached 0MB) CPU [40%@883,41%@883,40%@883,40%@883,39%@729,41%@729] GR3D_FREQ 0% cpu@54.406C soc2@53.312C soc0@53C gpu@53.75C tj@55.281C soc1@55.281C VDD_IN 8160mW/8146mW VDD_CPU_GPU_CV 1430mW/1421mW VDD_SOC 2941mW/2947mW
08-07-2026 21:26:23 RAM 2266/7607MB (lfb 6x4MB) SWAP 0/3804MB (cached 0MB) CPU [42%@806,39%@806,40%@806,40%@806,37%@729,39%@729] GR3D_FREQ 0% cpu@54.343C soc2@53.218C soc0@52.906C gpu@53.718C tj@55.125C soc1@55.125C VDD_IN 8160mW/8146mW VDD_CPU_GPU_CV 1430mW/1421mW VDD_SOC 2941mW/2947mW
08-07-2026 21:26:28 RAM 2267/7607MB (lfb 6x4MB) SWAP 0/3804MB (cached 0MB) CPU [39%@1728,42%@1728,39%@1728,40%@1728,40%@806,43%@806] GR3D_FREQ 0% cpu@54.218C soc2@53.218C soc0@53C gpu@53.968C tj@55.218C soc1@55.218C VDD_IN 8160mW/8146mW VDD_CPU_GPU_CV 1430mW/1421mW VDD_SOC 2941mW/2947mW
08-07-2026 21:26:33 RAM 2269/7607MB (lfb 6x4MB) SWAP 0/3804MB (cached 0MB) CPU [40%@806,41%@806,41%@806,39%@806,40%@729,41%@729] GR3D_FREQ 0% cpu@54.531C soc2@53.218C soc0@52.875C gpu@53.812C tj@55.093C soc1@55.093C VDD_IN 8160mW/8146mW VDD_CPU_GPU_CV 1430mW/1422mW VDD_SOC 2941mW/2947mW
08-07-2026 21:26:38 RAM 2271/7607MB (lfb 6x4MB) SWAP 0/3804MB (cached 0MB) CPU [40%@729,39%@729,41%@729,40%@729,39%@729,42%@729] GR3D_FREQ 0% cpu@54.343C soc2@53.25C soc0@52.968C gpu@54.031C tj@55.218C soc1@55.25C VDD_IN 8160mW/8146mW VDD_CPU_GPU_CV 1430mW/1422mW VDD_SOC 2941mW/2947mW
08-07-2026 21:26:43 RAM 2271/7607MB (lfb 6x4MB) SWAP 0/3804MB (cached 0MB) CPU [41%@729,41%@729,41%@729,42%@729,36%@806,41%@806] GR3D_FREQ 0% cpu@54.562C soc2@53.156C soc0@52.906C gpu@53.718C tj@55.156C soc1@55.156C VDD_IN 8160mW/8146mW VDD_CPU_GPU_CV 1430mW/1422mW VDD_SOC 2941mW/2947mW
08-07-2026 21:26:48 RAM 2272/7607MB (lfb 5x4MB) SWAP 0/3804MB (cached 0MB) CPU [40%@729,41%@729,40%@729,40%@729,41%@729,40%@729] GR3D_FREQ 0% cpu@54.343C soc2@53.25C soc0@53.062C gpu@53.812C tj@55.187C soc1@55.187C VDD_IN 8160mW/8147mW VDD_CPU_GPU_CV 1430mW/1422mW VDD_SOC 2941mW/2946mW
08-07-2026 21:26:53 RAM 2271/7607MB (lfb 5x4MB) SWAP 0/3804MB (cached 0MB) CPU [41%@1728,39%@729,40%@729,39%@729,39%@1728,41%@1728] GR3D_FREQ 0% cpu@54.218C soc2@53.187C soc0@53C gpu@53.843C tj@55.125C soc1@55.093C VDD_IN 8120mW/8146mW VDD_CPU_GPU_CV 1430mW/1422mW VDD_SOC 2941mW/2946mW
08-07-2026 21:26:58 RAM 2274/7607MB (lfb 5x4MB) SWAP 0/3804MB (cached 0MB) CPU [42%@729,44%@729,40%@1728,38%@1728,41%@729,44%@729] GR3D_FREQ 0% cpu@54.468C soc2@53.312C soc0@52.906C gpu@53.718C tj@55.25C soc1@55.375C VDD_IN 8120mW/8146mW VDD_CPU_GPU_CV 1430mW/1422mW VDD_SOC 2941mW/2946mW
08-07-2026 21:27:03 RAM 2272/7607MB (lfb 5x4MB) SWAP 0/3804MB (cached 0MB) CPU [41%@1728,41%@1728,40%@1728,40%@1728,38%@1728,42%@1728] GR3D_FREQ 0% cpu@54.375C soc2@53.25C soc0@53.062C gpu@53.937C tj@55.156C soc1@55.156C VDD_IN 8160mW/8146mW VDD_CPU_GPU_CV 1430mW/1422mW VDD_SOC 2941mW/2946mW
08-07-2026 21:27:08 RAM 2275/7607MB (lfb 5x4MB) SWAP 0/3804MB (cached 0MB) CPU [42%@806,40%@806,43%@806,38%@806,38%@729,41%@729] GR3D_FREQ 0% cpu@54.5C soc2@53.125C soc0@52.937C gpu@53.906C tj@55.125C soc1@55.093C VDD_IN 8120mW/8146mW VDD_CPU_GPU_CV 1430mW/1422mW VDD_SOC 2941mW/2946mW
08-07-2026 21:27:13 RAM 2275/7607MB (lfb 5x4MB) SWAP 0/3804MB (cached 0MB) CPU [40%@729,40%@729,41%@729,39%@729,40%@729,39%@729] GR3D_FREQ 0% cpu@54.375C soc2@53.406C soc0@53.062C gpu@53.812C tj@55.218C soc1@55.218C VDD_IN 8160mW/8146mW VDD_CPU_GPU_CV 1430mW/1422mW VDD_SOC 2941mW/2946mW
08-07-2026 21:27:18 RAM 2278/7607MB (lfb 6x4MB) SWAP 0/3804MB (cached 0MB) CPU [39%@729,39%@729,41%@729,39%@729,38%@729,44%@729] GR3D_FREQ 0% cpu@54.625C soc2@53.375C soc0@53C gpu@53.843C tj@55.156C soc1@55.156C VDD_IN 8160mW/8146mW VDD_CPU_GPU_CV 1430mW/1422mW VDD_SOC 2941mW/2946mW
08-07-2026 21:27:23 RAM 2279/7607MB (lfb 6x4MB) SWAP 0/3804MB (cached 0MB) CPU [41%@729,42%@729,38%@729,38%@729,39%@729,41%@729] GR3D_FREQ 0% cpu@54.375C soc2@53.281C soc0@53.062C gpu@53.718C tj@55.187C soc1@55.187C VDD_IN 8160mW/8146mW VDD_CPU_GPU_CV 1430mW/1422mW VDD_SOC 2941mW/2946mW
08-07-2026 21:27:28 RAM 2281/7607MB (lfb 5x4MB) SWAP 0/3804MB (cached 0MB) CPU [38%@729,39%@729,41%@729,40%@729,41%@729,41%@729] GR3D_FREQ 0% cpu@54.593C soc2@53.312C soc0@53.031C gpu@53.812C tj@55.187C soc1@55.187C VDD_IN 8160mW/8146mW VDD_CPU_GPU_CV 1430mW/1422mW VDD_SOC 2941mW/2946mW
08-07-2026 21:27:33 RAM 2283/7607MB (lfb 5x4MB) SWAP 0/3804MB (cached 0MB) CPU [39%@1728,40%@1728,42%@1728,40%@1728,41%@806,40%@806] GR3D_FREQ 0% cpu@54.343C soc2@53.343C soc0@53.125C gpu@53.875C tj@55.25C soc1@55.25C VDD_IN 8120mW/8146mW VDD_CPU_GPU_CV 1430mW/1422mW VDD_SOC 2941mW/2946mW
08-07-2026 21:27:38 RAM 2286/7607MB (lfb 5x4MB) SWAP 0/3804MB (cached 0MB) CPU [39%@1728,41%@1728,44%@1728,42%@729,36%@1728,38%@1728] GR3D_FREQ 0% cpu@54.531C soc2@53.312C soc0@53C gpu@53.843C tj@55.25C soc1@55.25C VDD_IN 8160mW/8146mW VDD_CPU_GPU_CV 1430mW/1422mW VDD_SOC 2941mW/2946mW
08-07-2026 21:27:43 RAM 2289/7607MB (lfb 6x4MB) SWAP 0/3804MB (cached 0MB) CPU [43%@729,43%@729,41%@729,41%@729,35%@729,38%@729] GR3D_FREQ 0% cpu@54.468C soc2@53.468C soc0@52.968C gpu@53.75C tj@55.437C soc1@55.437C VDD_IN 8160mW/8146mW VDD_CPU_GPU_CV 1430mW/1422mW VDD_SOC 2941mW/2946mW
08-07-2026 21:27:48 RAM 2292/7607MB (lfb 5x4MB) SWAP 0/3804MB (cached 0MB) CPU [44%@729,42%@729,42%@729,42%@729,41%@729,41%@729] GR3D_FREQ 0% cpu@54.562C soc2@53.343C soc0@53.062C gpu@53.843C tj@55.312C soc1@55.312C VDD_IN 8200mW/8147mW VDD_CPU_GPU_CV 1510mW/1423mW VDD_SOC 2941mW/2946mW
08-07-2026 21:27:53 RAM 2288/7607MB (lfb 5x4MB) SWAP 0/3804MB (cached 0MB) CPU [42%@729,43%@729,40%@729,38%@729,39%@729,40%@729] GR3D_FREQ 0% cpu@54.781C soc2@53.281C soc0@52.906C gpu@53.843C tj@55.218C soc1@55.218C VDD_IN 8160mW/8147mW VDD_CPU_GPU_CV 1430mW/1423mW VDD_SOC 2941mW/2946mW
08-07-2026 21:27:58 RAM 2291/7607MB (lfb 5x4MB) SWAP 0/3804MB (cached 0MB) CPU [39%@1728,42%@1728,41%@1728,43%@1728,38%@729,38%@729] GR3D_FREQ 0% cpu@54.437C soc2@53.343C soc0@53.062C gpu@53.843C tj@55.25C soc1@55.25C VDD_IN 8160mW/8147mW VDD_CPU_GPU_CV 1430mW/1423mW VDD_SOC 2941mW/2946mW
08-07-2026 21:28:03 RAM 2291/7607MB (lfb 5x4MB) SWAP 0/3804MB (cached 0MB) CPU [40%@729,42%@729,41%@729,40%@729,36%@729,38%@729] GR3D_FREQ 0% cpu@54.562C soc2@53.187C soc0@53.031C gpu@54.125C tj@55.218C soc1@55.218C VDD_IN 8160mW/8147mW VDD_CPU_GPU_CV 1430mW/1423mW VDD_SOC 2941mW/2946mW
08-07-2026 21:28:08 RAM 2291/7607MB (lfb 5x4MB) SWAP 0/3804MB (cached 0MB) CPU [41%@729,40%@729,40%@729,37%@729,40%@729,41%@729] GR3D_FREQ 0% cpu@54.625C soc2@53.281C soc0@53.156C gpu@53.75C tj@55.25C soc1@55.437C VDD_IN 8160mW/8147mW VDD_CPU_GPU_CV 1430mW/1423mW VDD_SOC 2941mW/2946mW
08-07-2026 21:28:13 RAM 2293/7607MB (lfb 6x4MB) SWAP 0/3804MB (cached 0MB) CPU [41%@729,38%@729,42%@729,40%@729,40%@729,39%@729] GR3D_FREQ 0% cpu@54.375C soc2@53.312C soc0@53C gpu@54.125C tj@55.218C soc1@55.218C VDD_IN 8120mW/8147mW VDD_CPU_GPU_CV 1430mW/1423mW VDD_SOC 2941mW/2946mW
08-07-2026 21:28:18 RAM 2297/7607MB (lfb 7x4MB) SWAP 0/3804MB (cached 0MB) CPU [39%@729,41%@729,41%@729,41%@729,40%@729,39%@729] GR3D_FREQ 0% cpu@54.531C soc2@53.343C soc0@53.125C gpu@53.781C tj@55.343C soc1@55.343C VDD_IN 8160mW/8147mW VDD_CPU_GPU_CV 1430mW/1423mW VDD_SOC 2941mW/2946mW
08-07-2026 21:28:23 RAM 2293/7607MB (lfb 7x4MB) SWAP 0/3804MB (cached 0MB) CPU [42%@729,41%@729,40%@729,40%@729,39%@729,41%@729] GR3D_FREQ 0% cpu@54.625C soc2@53.312C soc0@53.093C gpu@54.093C tj@55.25C soc1@55.25C VDD_IN 8160mW/8147mW VDD_CPU_GPU_CV 1430mW/1423mW VDD_SOC 2941mW/2946mW
08-07-2026 21:28:28 RAM 2290/7607MB (lfb 7x4MB) SWAP 0/3804MB (cached 0MB) CPU [42%@806,41%@806,40%@806,38%@806,39%@883,42%@883] GR3D_FREQ 0% cpu@54.406C soc2@53.375C soc0@53C gpu@53.781C tj@55.375C soc1@55.375C VDD_IN 8120mW/8147mW VDD_CPU_GPU_CV 1430mW/1423mW VDD_SOC 2941mW/2946mW
08-07-2026 21:28:33 RAM 2291/7607MB (lfb 7x4MB) SWAP 0/3804MB (cached 0MB) CPU [41%@729,41%@729,41%@729,40%@729,38%@729,38%@729] GR3D_FREQ 0% cpu@54.625C soc2@53.312C soc0@53.031C gpu@54.125C tj@55.156C soc1@55.218C VDD_IN 8120mW/8147mW VDD_CPU_GPU_CV 1430mW/1423mW VDD_SOC 2941mW/2946mW
08-07-2026 21:28:38 RAM 2291/7607MB (lfb 6x4MB) SWAP 0/3804MB (cached 0MB) CPU [40%@729,41%@729,41%@729,39%@729,39%@729,42%@729] GR3D_FREQ 0% cpu@54.437C soc2@53.375C soc0@52.968C gpu@53.843C tj@55.406C soc1@55.406C VDD_IN 8120mW/8147mW VDD_CPU_GPU_CV 1430mW/1423mW VDD_SOC 2941mW/2946mW
08-07-2026 21:28:43 RAM 2296/7607MB (lfb 5x4MB) SWAP 0/3804MB (cached 0MB) CPU [42%@806,51%@806,41%@806,41%@806,42%@729,46%@729] GR3D_FREQ 0% cpu@54.406C soc2@53.312C soc0@53.062C gpu@54.187C tj@55.218C soc1@55.218C VDD_IN 8160mW/8147mW VDD_CPU_GPU_CV 1430mW/1423mW VDD_SOC 2941mW/2946mW
08-07-2026 21:28:48 RAM 2299/7607MB (lfb 5x4MB) SWAP 0/3804MB (cached 0MB) CPU [42%@1728,40%@1728,40%@1728,40%@1728,39%@1728,40%@1728] GR3D_FREQ 0% cpu@54.531C soc2@53.343C soc0@52.968C gpu@53.937C tj@55.437C soc1@55.437C VDD_IN 8160mW/8147mW VDD_CPU_GPU_CV 1430mW/1423mW VDD_SOC 2941mW/2946mW
08-07-2026 21:28:53 RAM 2301/7607MB (lfb 6x4MB) SWAP 0/3804MB (cached 0MB) CPU [40%@1728,41%@1728,41%@1728,40%@1728,41%@1728,43%@1728] GR3D_FREQ 0% cpu@54.312C soc2@53.312C soc0@53C gpu@53.843C tj@55.187C soc1@55.187C VDD_IN 8120mW/8147mW VDD_CPU_GPU_CV 1430mW/1423mW VDD_SOC 2941mW/2946mW
08-07-2026 21:28:58 RAM 2303/7607MB (lfb 6x4MB) SWAP 0/3804MB (cached 0MB) CPU [40%@729,41%@729,40%@729,39%@729,40%@729,42%@729] GR3D_FREQ 0% cpu@54.406C soc2@53.375C soc0@52.968C gpu@53.718C tj@55.375C soc1@55.093C VDD_IN 8160mW/8147mW VDD_CPU_GPU_CV 1430mW/1423mW VDD_SOC 2941mW/2946mW
08-07-2026 21:29:03 RAM 2304/7607MB (lfb 6x4MB) SWAP 0/3804MB (cached 0MB) CPU [38%@883,39%@883,40%@1728,38%@1728,43%@729,42%@729] GR3D_FREQ 0% cpu@54.406C soc2@53.25C soc0@53.031C gpu@53.75C tj@55.156C soc1@55.156C VDD_IN 8120mW/8147mW VDD_CPU_GPU_CV 1430mW/1423mW VDD_SOC 2941mW/2946mW
08-07-2026 21:29:08 RAM 2305/7607MB (lfb 5x4MB) SWAP 0/3804MB (cached 0MB) CPU [39%@1728,41%@1728,41%@1728,40%@1728,38%@960,41%@960] GR3D_FREQ 0% cpu@54.593C soc2@53.281C soc0@52.906C gpu@53.718C tj@55.093C soc1@55.093C VDD_IN 8120mW/8146mW VDD_CPU_GPU_CV 1430mW/1423mW VDD_SOC 2941mW/2946mW
08-07-2026 21:29:13 RAM 2306/7607MB (lfb 5x4MB) SWAP 0/3804MB (cached 0MB) CPU [41%@729,41%@729,41%@729,41%@729,38%@729,39%@729] GR3D_FREQ 0% cpu@54.312C soc2@53.218C soc0@52.968C gpu@54C tj@55.156C soc1@55.156C VDD_IN 8160mW/8146mW VDD_CPU_GPU_CV 1430mW/1423mW VDD_SOC 2941mW/2946mW
08-07-2026 21:29:18 RAM 2312/7607MB (lfb 5x4MB) SWAP 0/3804MB (cached 0MB) CPU [41%@729,41%@729,43%@729,39%@1728,38%@729,41%@729] GR3D_FREQ 0% cpu@54.562C soc2@53.343C soc0@52.906C gpu@53.718C tj@55.093C soc1@55.093C VDD_IN 8120mW/8146mW VDD_CPU_GPU_CV 1430mW/1423mW VDD_SOC 2941mW/2946mW
08-07-2026 21:29:23 RAM 2312/7607MB (lfb 6x4MB) SWAP 0/3804MB (cached 0MB) CPU [41%@806,40%@806,42%@806,40%@806,38%@729,41%@729] GR3D_FREQ 0% cpu@54.281C soc2@53.25C soc0@53C gpu@53.937C tj@55.156C soc1@55.156C VDD_IN 8160mW/8146mW VDD_CPU_GPU_CV 1430mW/1423mW VDD_SOC 2941mW/2946mW
08-07-2026 21:29:28 RAM 2309/7607MB (lfb 6x4MB) SWAP 0/3804MB (cached 0MB) CPU [40%@960,40%@960,40%@960,40%@960,39%@1728,42%@1728] GR3D_FREQ 0% cpu@54.468C soc2@53.312C soc0@52.937C gpu@53.875C tj@55.093C soc1@55.093C VDD_IN 8160mW/8146mW VDD_CPU_GPU_CV 1430mW/1423mW VDD_SOC 2941mW/2946mW
08-07-2026 21:29:33 RAM 2315/7607MB (lfb 6x4MB) SWAP 0/3804MB (cached 0MB) CPU [42%@1728,42%@1728,43%@1728,44%@1728,42%@1728,41%@1728] GR3D_FREQ 0% cpu@54.437C soc2@53.375C soc0@53C gpu@54.125C tj@55.343C soc1@55.343C VDD_IN 8757mW/8149mW VDD_CPU_GPU_CV 1904mW/1425mW VDD_SOC 2980mW/2946mW
08-07-2026 21:29:38 RAM 2315/7607MB (lfb 5x4MB) SWAP 0/3804MB (cached 0MB) CPU [40%@729,42%@729,40%@729,37%@729,42%@806,40%@806] GR3D_FREQ 0% cpu@54.593C soc2@53.218C soc0@52.968C gpu@53.875C tj@55.156C soc1@55.156C VDD_IN 8160mW/8149mW VDD_CPU_GPU_CV 1430mW/1425mW VDD_SOC 2941mW/2946mW
08-07-2026 21:29:43 RAM 2316/7607MB (lfb 5x4MB) SWAP 0/3804MB (cached 0MB) CPU [42%@729,41%@729,41%@729,40%@729,39%@1728,41%@1728] GR3D_FREQ 0% cpu@54.468C soc2@53.281C soc0@53.062C gpu@53.875C tj@55.25C soc1@55.25C VDD_IN 8160mW/8149mW VDD_CPU_GPU_CV 1430mW/1426mW VDD_SOC 2941mW/2946mW
08-07-2026 21:29:48 RAM 2317/7607MB (lfb 5x4MB) SWAP 0/3804MB (cached 0MB) CPU [41%@729,41%@729,40%@729,40%@729,38%@729,41%@729] GR3D_FREQ 0% cpu@54.656C soc2@53.312C soc0@53.031C gpu@53.875C tj@55.156C soc1@55.156C VDD_IN 8120mW/8149mW VDD_CPU_GPU_CV 1391mW/1425mW VDD_SOC 2941mW/2946mW
08-07-2026 21:29:53 RAM 2320/7607MB (lfb 6x4MB) SWAP 0/3804MB (cached 0MB) CPU [43%@729,40%@729,41%@1728,38%@1728,36%@729,41%@729] GR3D_FREQ 0% cpu@54.437C soc2@53.312C soc0@53.062C gpu@53.937C tj@55.25C soc1@55.25C VDD_IN 8160mW/8149mW VDD_CPU_GPU_CV 1430mW/1425mW VDD_SOC 2941mW/2946mW
08-07-2026 21:29:58 RAM 2318/7607MB (lfb 6x4MB) SWAP 0/3804MB (cached 0MB) CPU [41%@729,39%@729,40%@729,40%@729,38%@729,41%@729] GR3D_FREQ 0% cpu@54.531C soc2@53.25C soc0@53C gpu@53.781C tj@55.218C soc1@55.218C VDD_IN 8160mW/8149mW VDD_CPU_GPU_CV 1430mW/1425mW VDD_SOC 2941mW/2946mW
08-07-2026 21:30:03 RAM 2321/7607MB (lfb 6x4MB) SWAP 0/3804MB (cached 0MB) CPU [42%@729,40%@729,39%@729,40%@729,42%@1728,40%@1728] GR3D_FREQ 0% cpu@54.406C soc2@53.406C soc0@53.156C gpu@53.812C tj@55.218C soc1@55.218C VDD_IN 8120mW/8149mW VDD_CPU_GPU_CV 1430mW/1425mW VDD_SOC 2941mW/2946mW
08-07-2026 21:30:08 RAM 2323/7607MB (lfb 5x4MB) SWAP 0/3804MB (cached 0MB) CPU [41%@729,41%@729,39%@729,40%@729,41%@729,38%@729] GR3D_FREQ 0% cpu@54.625C soc2@53.312C soc0@52.968C gpu@53.781C tj@55.218C soc1@55.218C VDD_IN 8160mW/8149mW VDD_CPU_GPU_CV 1430mW/1425mW VDD_SOC 2941mW/2946mW
08-07-2026 21:30:13 RAM 2324/7607MB (lfb 5x4MB) SWAP 0/3804MB (cached 0MB) CPU [39%@806,38%@806,42%@806,41%@806,41%@729,40%@729] GR3D_FREQ 0% cpu@54.406C soc2@53.312C soc0@53.062C gpu@54.062C tj@55.281C soc1@55.281C VDD_IN 8160mW/8149mW VDD_CPU_GPU_CV 1430mW/1425mW VDD_SOC 2941mW/2946mW
08-07-2026 21:30:18 RAM 2324/7607MB (lfb 5x4MB) SWAP 0/3804MB (cached 0MB) CPU [41%@729,41%@729,41%@729,41%@729,38%@729,40%@729] GR3D_FREQ 0% cpu@54.718C soc2@53.281C soc0@53C gpu@53.812C tj@55.062C soc1@55.062C VDD_IN 8120mW/8149mW VDD_CPU_GPU_CV 1430mW/1425mW VDD_SOC 2941mW/2946mW
08-07-2026 21:30:23 RAM 2325/7607MB (lfb 5x4MB) SWAP 0/3804MB (cached 0MB) CPU [41%@883,41%@883,40%@883,39%@883,39%@729,39%@729] GR3D_FREQ 0% cpu@54.5C soc2@53.312C soc0@52.906C gpu@54C tj@55.218C soc1@55.218C VDD_IN 8160mW/8149mW VDD_CPU_GPU_CV 1430mW/1426mW VDD_SOC 2941mW/2946mW
08-07-2026 21:30:28 RAM 2326/7607MB (lfb 6x4MB) SWAP 0/3804MB (cached 0MB) CPU [41%@729,43%@729,41%@729,40%@729,38%@729,39%@729] GR3D_FREQ 0% cpu@54.218C soc2@53.281C soc0@53.093C gpu@53.781C tj@55.218C soc1@55.218C VDD_IN 8120mW/8149mW VDD_CPU_GPU_CV 1430mW/1426mW VDD_SOC 2941mW/2946mW
08-07-2026 21:30:33 RAM 2326/7607MB (lfb 6x4MB) SWAP 0/3804MB (cached 0MB) CPU [40%@883,42%@883,42%@883,43%@883,38%@729,40%@729] GR3D_FREQ 0% cpu@54.5C soc2@53.343C soc0@52.937C gpu@54C tj@55.093C soc1@55.093C VDD_IN 8120mW/8149mW VDD_CPU_GPU_CV 1430mW/1426mW VDD_SOC 2941mW/2946mW
08-07-2026 21:30:38 RAM 2323/7607MB (lfb 6x4MB) SWAP 0/3804MB (cached 0MB) CPU [42%@806,42%@806,40%@806,39%@806,39%@960,41%@960] GR3D_FREQ 0% cpu@54.312C soc2@53.218C soc0@53C gpu@53.843C tj@55.187C soc1@55.187C VDD_IN 8160mW/8149mW VDD_CPU_GPU_CV 1430mW/1426mW VDD_SOC 2941mW/2946mW
08-07-2026 21:30:43 RAM 2324/7607MB (lfb 6x4MB) SWAP 0/3804MB (cached 0MB) CPU [41%@806,44%@806,42%@806,40%@806,36%@729,39%@729] GR3D_FREQ 0% cpu@54.343C soc2@53.281C soc0@52.906C gpu@53.968C tj@55.093C soc1@55.093C VDD_IN 8120mW/8149mW VDD_CPU_GPU_CV 1391mW/1425mW VDD_SOC 2941mW/2946mW
08-07-2026 21:30:48 RAM 2325/7607MB (lfb 5x4MB) SWAP 0/3804MB (cached 0MB) CPU [41%@729,43%@729,39%@729,40%@1728,38%@729,38%@729] GR3D_FREQ 0% cpu@54.218C soc2@53.312C soc0@52.906C gpu@53.843C tj@55.125C soc1@55.125C VDD_IN 8160mW/8149mW VDD_CPU_GPU_CV 1430mW/1425mW VDD_SOC 2941mW/2946mW
08-07-2026 21:30:53 RAM 2327/7607MB (lfb 5x4MB) SWAP 0/3804MB (cached 0MB) CPU [42%@1728,40%@1728,42%@1728,40%@1728,37%@1728,37%@1728] GR3D_FREQ 0% cpu@54.718C soc2@53.343C soc0@53C gpu@53.75C tj@55.343C soc1@55.343C VDD_IN 8160mW/8149mW VDD_CPU_GPU_CV 1430mW/1425mW VDD_SOC 2941mW/2946mW
08-07-2026 21:30:58 RAM 2326/7607MB (lfb 6x4MB) SWAP 0/3804MB (cached 0MB) CPU [39%@1728,42%@1728,40%@1728,42%@1728,39%@1728,39%@1728] GR3D_FREQ 0% cpu@54.375C soc2@53.218C soc0@53C gpu@53.875C tj@55.093C soc1@55.093C VDD_IN 8160mW/8149mW VDD_CPU_GPU_CV 1430mW/1425mW VDD_SOC 2941mW/2945mW
08-07-2026 21:31:03 RAM 2324/7607MB (lfb 6x4MB) SWAP 0/3804MB (cached 0MB) CPU [38%@729,42%@729,40%@729,39%@1728,40%@729,42%@729] GR3D_FREQ 0% cpu@54.531C soc2@53.343C soc0@52.906C gpu@53.75C tj@55.093C soc1@55.093C VDD_IN 8160mW/8149mW VDD_CPU_GPU_CV 1430mW/1425mW VDD_SOC 2941mW/2945mW
08-07-2026 21:31:08 RAM 2326/7607MB (lfb 6x4MB) SWAP 0/3804MB (cached 0MB) CPU [39%@729,41%@729,41%@729,39%@729,41%@729,42%@729] GR3D_FREQ 0% cpu@54.375C soc2@53.312C soc0@52.968C gpu@53.656C tj@55.156C soc1@55.156C VDD_IN 8160mW/8149mW VDD_CPU_GPU_CV 1430mW/1426mW VDD_SOC 2941mW/2945mW
08-07-2026 21:31:13 RAM 2327/7607MB (lfb 6x4MB) SWAP 0/3804MB (cached 0MB) CPU [41%@806,42%@806,41%@806,41%@806,40%@1728,39%@1728] GR3D_FREQ 0% cpu@54.281C soc2@53.093C soc0@52.843C gpu@53.718C tj@54.968C soc1@54.968C VDD_IN 8160mW/8149mW VDD_CPU_GPU_CV 1430mW/1426mW VDD_SOC 2941mW/2945mW
08-07-2026 21:31:18 RAM 2327/7607MB (lfb 7x4MB) SWAP 0/3804MB (cached 0MB) CPU [41%@729,42%@729,41%@729,41%@729,38%@729,41%@729] GR3D_FREQ 0% cpu@54.343C soc2@53.156C soc0@52.968C gpu@53.593C tj@55.093C soc1@55.093C VDD_IN 8160mW/8149mW VDD_CPU_GPU_CV 1430mW/1426mW VDD_SOC 2941mW/2945mW
08-07-2026 21:31:23 RAM 2333/7607MB (lfb 7x4MB) SWAP 0/3804MB (cached 0MB) CPU [42%@806,41%@806,41%@806,40%@806,40%@729,44%@729] GR3D_FREQ 0% cpu@54.375C soc2@53.156C soc0@52.875C gpu@53.968C tj@55.062C soc1@55C VDD_IN 8160mW/8149mW VDD_CPU_GPU_CV 1430mW/1426mW VDD_SOC 2941mW/2945mW
08-07-2026 21:31:28 RAM 2334/7607MB (lfb 7x4MB) SWAP 0/3804MB (cached 0MB) CPU [39%@729,40%@729,41%@729,42%@729,40%@729,41%@729] GR3D_FREQ 0% cpu@54.156C soc2@53.156C soc0@52.968C gpu@53.656C tj@55.156C soc1@55.156C VDD_IN 8120mW/8149mW VDD_CPU_GPU_CV 1430mW/1426mW VDD_SOC 2941mW/2945mW
08-07-2026 21:31:33 RAM 2335/7607MB (lfb 7x4MB) SWAP 0/3804MB (cached 0MB) CPU [40%@729,42%@729,42%@729,40%@729,37%@729,40%@729] GR3D_FREQ 0% cpu@54.5C soc2@53.062C soc0@52.937C gpu@53.843C tj@55C soc1@55C VDD_IN 8160mW/8149mW VDD_CPU_GPU_CV 1430mW/1426mW VDD_SOC 2941mW/2945mW
08-07-2026 21:31:38 RAM 2337/7607MB (lfb 6x4MB) SWAP 0/3804MB (cached 0MB) CPU [40%@1728,42%@729,39%@729,40%@729,41%@1728,41%@1728] GR3D_FREQ 0% cpu@54.343C soc2@53.093C soc0@52.843C gpu@53.718C tj@55.125C soc1@55.125C VDD_IN 8160mW/8149mW VDD_CPU_GPU_CV 1430mW/1426mW VDD_SOC 2941mW/2945mW
08-07-2026 21:31:43 RAM 2337/7607MB (lfb 6x4MB) SWAP 0/3804MB (cached 0MB) CPU [42%@1728,42%@1728,42%@1728,38%@1728,38%@729,39%@729] GR3D_FREQ 0% cpu@54.406C soc2@53.062C soc0@52.875C gpu@53.843C tj@55.062C soc1@55.062C VDD_IN 8160mW/8149mW VDD_CPU_GPU_CV 1430mW/1426mW VDD_SOC 2941mW/2945mW
08-07-2026 21:31:48 RAM 2338/7607MB (lfb 6x4MB) SWAP 0/3804MB (cached 0MB) CPU [40%@729,38%@729,39%@729,41%@729,40%@1728,41%@1728] GR3D_FREQ 0% cpu@54.375C soc2@53.187C soc0@52.843C gpu@53.718C tj@55.156C soc1@55.156C VDD_IN 8160mW/8149mW VDD_CPU_GPU_CV 1430mW/1426mW VDD_SOC 2941mW/2945mW
08-07-2026 21:31:53 RAM 2337/7607MB (lfb 6x4MB) SWAP 0/3804MB (cached 0MB) CPU [42%@1728,40%@1728,41%@1728,41%@1728,37%@1728,38%@1728] GR3D_FREQ 0% cpu@54.218C soc2@53.187C soc0@52.906C gpu@53.875C tj@55.125C soc1@55.125C VDD_IN 8120mW/8149mW VDD_CPU_GPU_CV 1430mW/1426mW VDD_SOC 2941mW/2945mW
08-07-2026 21:31:58 RAM 2338/7607MB (lfb 7x4MB) SWAP 0/3804MB (cached 0MB) CPU [42%@883,39%@883,40%@883,41%@883,37%@729,40%@729] GR3D_FREQ 0% cpu@54.25C soc2@53.187C soc0@52.781C gpu@53.781C tj@55.281C soc1@55.281C VDD_IN 8160mW/8149mW VDD_CPU_GPU_CV 1430mW/1426mW VDD_SOC 2941mW/2945mW
08-07-2026 21:32:03 RAM 2337/7607MB (lfb 7x4MB) SWAP 0/3804MB (cached 0MB) CPU [38%@1728,40%@1728,41%@1728,38%@1728,40%@1728,40%@1728] GR3D_FREQ 0% cpu@54.218C soc2@53.031C soc0@52.843C gpu@53.656C tj@55.125C soc1@55.093C VDD_IN 8160mW/8149mW VDD_CPU_GPU_CV 1430mW/1426mW VDD_SOC 2941mW/2945mW
08-07-2026 21:32:08 RAM 2338/7607MB (lfb 7x4MB) SWAP 0/3804MB (cached 0MB) CPU [40%@729,40%@729,41%@729,38%@729,41%@806,41%@806] GR3D_FREQ 0% cpu@54.656C soc2@53.125C soc0@52.906C gpu@53.718C tj@55.093C soc1@55.093C VDD_IN 8160mW/8149mW VDD_CPU_GPU_CV 1430mW/1426mW VDD_SOC 2941mW/2945mW
08-07-2026 21:32:13 RAM 2339/7607MB (lfb 7x4MB) SWAP 0/3804MB (cached 0MB) CPU [40%@1728,39%@1728,41%@1728,39%@1728,41%@960,42%@960] GR3D_FREQ 0% cpu@54.343C soc2@53.156C soc0@53C gpu@53.781C tj@55.156C soc1@55.156C VDD_IN 8160mW/8149mW VDD_CPU_GPU_CV 1430mW/1426mW VDD_SOC 2941mW/2945mW
08-07-2026 21:32:18 RAM 2339/7607MB (lfb 6x4MB) SWAP 0/3804MB (cached 0MB) CPU [41%@729,40%@729,40%@729,41%@729,43%@1728,44%@1728] GR3D_FREQ 0% cpu@54.406C soc2@53.187C soc0@52.906C gpu@53.843C tj@55.062C soc1@55.062C VDD_IN 8160mW/8149mW VDD_CPU_GPU_CV 1430mW/1426mW VDD_SOC 2941mW/2945mW
08-07-2026 21:32:23 RAM 2336/7607MB (lfb 6x4MB) SWAP 0/3804MB (cached 0MB) CPU [41%@729,40%@729,40%@729,40%@729,38%@1728,40%@729] GR3D_FREQ 0% cpu@54.312C soc2@53.187C soc0@52.968C gpu@53.906C tj@55.187C soc1@55.187C VDD_IN 8160mW/8149mW VDD_CPU_GPU_CV 1430mW/1426mW VDD_SOC 2941mW/2945mW
08-07-2026 21:32:28 RAM 2338/7607MB (lfb 6x4MB) SWAP 0/3804MB (cached 0MB) CPU [41%@806,39%@806,39%@806,37%@806,42%@806,41%@729] GR3D_FREQ 0% cpu@54.218C soc2@53.218C soc0@52.906C gpu@53.75C tj@55.062C soc1@55.062C VDD_IN 8160mW/8149mW VDD_CPU_GPU_CV 1430mW/1426mW VDD_SOC 2941mW/2945mW
08-07-2026 21:32:33 RAM 2339/7607MB (lfb 6x4MB) SWAP 0/3804MB (cached 0MB) CPU [43%@1728,41%@1728,41%@1728,41%@729,38%@1728,38%@1728] GR3D_FREQ 0% cpu@54.343C soc2@53.218C soc0@53.031C gpu@53.812C tj@55.281C soc1@55.281C VDD_IN 8160mW/8150mW VDD_CPU_GPU_CV 1430mW/1426mW VDD_SOC 2941mW/2945mW
08-07-2026 21:32:38 RAM 2339/7607MB (lfb 6x4MB) SWAP 0/3804MB (cached 0MB) CPU [41%@883,41%@883,42%@883,37%@883,37%@729,39%@729] GR3D_FREQ 0% cpu@54.468C soc2@53.187C soc0@52.906C gpu@54.093C tj@55.062C soc1@55.062C VDD_IN 8160mW/8150mW VDD_CPU_GPU_CV 1430mW/1426mW VDD_SOC 2941mW/2945mW
08-07-2026 21:32:43 RAM 2339/7607MB (lfb 6x4MB) SWAP 0/3804MB (cached 0MB) CPU [38%@1728,42%@1728,41%@1728,40%@1728,38%@729,38%@729] GR3D_FREQ 0% cpu@54.281C soc2@53.187C soc0@53.031C gpu@53.687C tj@55.187C soc1@55.187C VDD_IN 8160mW/8150mW VDD_CPU_GPU_CV 1430mW/1426mW VDD_SOC 2941mW/2945mW
08-07-2026 21:32:48 RAM 2337/7607MB (lfb 6x4MB) SWAP 0/3804MB (cached 0MB) CPU [40%@729,42%@729,40%@729,38%@729,39%@729,38%@729] GR3D_FREQ 0% cpu@54.531C soc2@53.25C soc0@52.843C gpu@53.968C tj@55.031C soc1@55.031C VDD_IN 8160mW/8150mW VDD_CPU_GPU_CV 1430mW/1426mW VDD_SOC 2941mW/2945mW
08-07-2026 21:32:53 RAM 2339/7607MB (lfb 7x4MB) SWAP 0/3804MB (cached 0MB) CPU [42%@1728,41%@1728,41%@1728,39%@1728,40%@806,41%@806] GR3D_FREQ 0% cpu@54.343C soc2@53.187C soc0@52.843C gpu@53.875C tj@55.312C soc1@55.312C VDD_IN 8120mW/8150mW VDD_CPU_GPU_CV 1430mW/1426mW VDD_SOC 2941mW/2945mW
08-07-2026 21:32:58 RAM 2339/7607MB (lfb 7x4MB) SWAP 0/3804MB (cached 0MB) CPU [41%@729,41%@729,39%@729,40%@729,41%@729,38%@729] GR3D_FREQ 0% cpu@54.406C soc2@53.218C soc0@52.968C gpu@53.937C tj@55.125C soc1@55.125C VDD_IN 8120mW/8149mW VDD_CPU_GPU_CV 1430mW/1426mW VDD_SOC 2941mW/2945mW
08-07-2026 21:33:03 RAM 2340/7607MB (lfb 7x4MB) SWAP 0/3804MB (cached 0MB) CPU [40%@729,42%@729,40%@729,39%@1728,39%@729,40%@729] GR3D_FREQ 0% cpu@54.343C soc2@53.218C soc0@52.843C gpu@53.875C tj@55.25C soc1@55.25C VDD_IN 8120mW/8149mW VDD_CPU_GPU_CV 1430mW/1426mW VDD_SOC 2941mW/2945mW
08-07-2026 21:33:08 RAM 2344/7607MB (lfb 7x4MB) SWAP 0/3804MB (cached 0MB) CPU [41%@806,42%@806,41%@806,38%@806,42%@729,42%@729] GR3D_FREQ 0% cpu@54.218C soc2@53.156C soc0@52.875C gpu@53.781C tj@55.062C soc1@55.062C VDD_IN 8240mW/8150mW VDD_CPU_GPU_CV 1470mW/1426mW VDD_SOC 2941mW/2945mW
08-07-2026 21:33:13 RAM 2344/7607MB (lfb 6x4MB) SWAP 0/3804MB (cached 0MB) CPU [41%@729,41%@729,38%@729,40%@729,41%@729,41%@729] GR3D_FREQ 0% cpu@54.468C soc2@53.187C soc0@52.812C gpu@53.687C tj@55.218C soc1@55.218C VDD_IN 8160mW/8150mW VDD_CPU_GPU_CV 1430mW/1426mW VDD_SOC 2941mW/2945mW
08-07-2026 21:33:18 RAM 2343/7607MB (lfb 6x4MB) SWAP 0/3804MB (cached 0MB) CPU [40%@729,40%@729,41%@729,38%@729,38%@729,42%@729] GR3D_FREQ 0% cpu@54.406C soc2@53.156C soc0@52.906C gpu@53.75C tj@55.093C soc1@55.093C VDD_IN 8160mW/8150mW VDD_CPU_GPU_CV 1430mW/1426mW VDD_SOC 2941mW/2945mW
08-07-2026 21:33:23 RAM 2348/7607MB (lfb 6x4MB) SWAP 0/3804MB (cached 0MB) CPU [39%@806,41%@806,40%@806,41%@806,41%@729,39%@729] GR3D_FREQ 0% cpu@54.281C soc2@53.187C soc0@53.062C gpu@53.656C tj@55.218C soc1@55.218C VDD_IN 8120mW/8150mW VDD_CPU_GPU_CV 1430mW/1426mW VDD_SOC 2941mW/2945mW
08-07-2026 21:33:28 RAM 2349/7607MB (lfb 7x4MB) SWAP 0/3804MB (cached 0MB) CPU [41%@806,40%@806,40%@1728,38%@1728,39%@1728,42%@1728] GR3D_FREQ 0% cpu@54.468C soc2@53.281C soc0@52.968C gpu@53.968C tj@55.093C soc1@55.093C VDD_IN 8160mW/8150mW VDD_CPU_GPU_CV 1430mW/1426mW VDD_SOC 2941mW/2945mW
08-07-2026 21:33:33 RAM 2353/7607MB (lfb 7x4MB) SWAP 0/3804MB (cached 0MB) CPU [40%@1728,40%@1728,37%@1728,39%@1728,42%@729,39%@729] GR3D_FREQ 0% cpu@54.375C soc2@53.156C soc0@52.843C gpu@53.812C tj@55.281C soc1@55.281C VDD_IN 8160mW/8150mW VDD_CPU_GPU_CV 1430mW/1426mW VDD_SOC 2941mW/2945mW
08-07-2026 21:33:38 RAM 2354/7607MB (lfb 7x4MB) SWAP 0/3804MB (cached 0MB) CPU [40%@1728,39%@1728,39%@1728,39%@1728,41%@729,43%@729] GR3D_FREQ 0% cpu@54.312C soc2@53.25C soc0@53.031C gpu@53.937C tj@55.156C soc1@55.156C VDD_IN 8160mW/8150mW VDD_CPU_GPU_CV 1430mW/1426mW VDD_SOC 2941mW/2945mW
08-07-2026 21:33:43 RAM 2355/7607MB (lfb 7x4MB) SWAP 0/3804MB (cached 0MB) CPU [38%@729,38%@729,40%@729,39%@729,41%@729,42%@729] GR3D_FREQ 0% cpu@54.312C soc2@53.312C soc0@52.906C gpu@53.843C tj@55.25C soc1@55.25C VDD_IN 8120mW/8150mW VDD_CPU_GPU_CV 1391mW/1426mW VDD_SOC 2941mW/2945mW
08-07-2026 21:33:48 RAM 2356/7607MB (lfb 6x4MB) SWAP 0/3804MB (cached 0MB) CPU [40%@806,38%@806,40%@806,38%@1728,41%@729,43%@729] GR3D_FREQ 0% cpu@54.375C soc2@53.156C soc0@53C gpu@53.75C tj@55.125C soc1@55.125C VDD_IN 8160mW/8150mW VDD_CPU_GPU_CV 1430mW/1426mW VDD_SOC 2941mW/2945mW
08-07-2026 21:33:53 RAM 2359/7607MB (lfb 6x4MB) SWAP 0/3804MB (cached 0MB) CPU [42%@883,41%@883,41%@883,40%@883,42%@1728,38%@1728] GR3D_FREQ 0% cpu@54.312C soc2@53.093C soc0@52.781C gpu@53.812C tj@55.25C soc1@55.187C VDD_IN 8160mW/8150mW VDD_CPU_GPU_CV 1430mW/1426mW VDD_SOC 2941mW/2945mW
08-07-2026 21:33:58 RAM 2358/7607MB (lfb 6x4MB) SWAP 0/3804MB (cached 0MB) CPU [39%@729,39%@729,40%@729,41%@729,42%@1728,43%@1728] GR3D_FREQ 0% cpu@54.625C soc2@53.125C soc0@52.906C gpu@53.593C tj@55.062C soc1@55.062C VDD_IN 8160mW/8150mW VDD_CPU_GPU_CV 1430mW/1426mW VDD_SOC 2941mW/2945mW
08-07-2026 21:34:03 RAM 2362/7607MB (lfb 7x4MB) SWAP 0/3804MB (cached 0MB) CPU [41%@806,41%@806,40%@806,42%@806,42%@729,43%@729] GR3D_FREQ 0% cpu@54.343C soc2@53.156C soc0@52.812C gpu@53.687C tj@55.281C soc1@55.281C VDD_IN 8200mW/8150mW VDD_CPU_GPU_CV 1470mW/1426mW VDD_SOC 2941mW/2945mW
08-07-2026 21:34:08 RAM 2362/7607MB (lfb 7x4MB) SWAP 0/3804MB (cached 0MB) CPU [41%@729,42%@1728,41%@1728,43%@1728,38%@729,40%@729] GR3D_FREQ 0% cpu@54.375C soc2@53.187C soc0@52.906C gpu@53.906C tj@55.062C soc1@55.062C VDD_IN 8120mW/8150mW VDD_CPU_GPU_CV 1430mW/1426mW VDD_SOC 2941mW/2945mW
08-07-2026 21:34:13 RAM 2360/7607MB (lfb 7x4MB) SWAP 0/3804MB (cached 0MB) CPU [40%@729,40%@729,39%@729,40%@729,41%@1728,42%@1728] GR3D_FREQ 0% cpu@54.437C soc2@53.187C soc0@52.812C gpu@53.625C tj@55.093C soc1@55.093C VDD_IN 8160mW/8150mW VDD_CPU_GPU_CV 1430mW/1426mW VDD_SOC 2941mW/2945mW
08-07-2026 21:34:18 RAM 2361/7607MB (lfb 7x4MB) SWAP 0/3804MB (cached 0MB) CPU [40%@729,39%@729,39%@729,38%@729,40%@729,42%@729] GR3D_FREQ 0% cpu@54.218C soc2@53.062C soc0@52.906C gpu@53.843C tj@55.031C soc1@55.031C VDD_IN 8160mW/8150mW VDD_CPU_GPU_CV 1430mW/1426mW VDD_SOC 2941mW/2945mW
08-07-2026 21:34:23 RAM 2361/7607MB (lfb 7x4MB) SWAP 0/3804MB (cached 0MB) CPU [38%@729,42%@729,42%@729,39%@729,40%@729,39%@729] GR3D_FREQ 0% cpu@54.468C soc2@53.156C soc0@52.781C gpu@53.781C tj@55.187C soc1@55C VDD_IN 8160mW/8150mW VDD_CPU_GPU_CV 1430mW/1426mW VDD_SOC 2941mW/2945mW
08-07-2026 21:34:28 RAM 2362/7607MB (lfb 6x4MB) SWAP 0/3804MB (cached 0MB) CPU [39%@729,43%@729,39%@729,41%@729,39%@1728,39%@1728] GR3D_FREQ 0% cpu@54.125C soc2@53.187C soc0@52.968C gpu@53.812C tj@55.093C soc1@55.093C VDD_IN 8160mW/8150mW VDD_CPU_GPU_CV 1430mW/1426mW VDD_SOC 2941mW/2945mW
08-07-2026 21:34:33 RAM 2364/7607MB (lfb 6x4MB) SWAP 0/3804MB (cached 0MB) CPU [40%@729,41%@729,42%@729,41%@729,40%@729,39%@729] GR3D_FREQ 0% cpu@54.656C soc2@53.312C soc0@52.906C gpu@53.687C tj@54.906C soc1@54.906C VDD_IN 8160mW/8150mW VDD_CPU_GPU_CV 1430mW/1426mW VDD_SOC 2941mW/2945mW
08-07-2026 21:34:38 RAM 2365/7607MB (lfb 6x4MB) SWAP 0/3804MB (cached 0MB) CPU [38%@883,41%@883,39%@883,40%@883,40%@729,42%@729] GR3D_FREQ 0% cpu@54.343C soc2@53.187C soc0@52.906C gpu@53.906C tj@55.093C soc1@55.093C VDD_IN 8160mW/8150mW VDD_CPU_GPU_CV 1430mW/1426mW VDD_SOC 2941mW/2945mW
08-07-2026 21:34:43 RAM 2365/7607MB (lfb 6x4MB) SWAP 0/3804MB (cached 0MB) CPU [41%@883,40%@883,42%@883,39%@883,39%@729,41%@729] GR3D_FREQ 0% cpu@54.468C soc2@53.093C soc0@52.843C gpu@53.718C tj@55C soc1@55C VDD_IN 8120mW/8150mW VDD_CPU_GPU_CV 1430mW/1426mW VDD_SOC 2941mW/2945mW
08-07-2026 21:34:48 RAM 2366/7607MB (lfb 6x4MB) SWAP 0/3804MB (cached 0MB) CPU [41%@729,42%@729,40%@729,40%@729,37%@729,39%@729] GR3D_FREQ 0% cpu@54.25C soc2@53.25C soc0@52.906C gpu@53.781C tj@55.062C soc1@55.062C VDD_IN 8160mW/8150mW VDD_CPU_GPU_CV 1430mW/1426mW VDD_SOC 2941mW/2945mW
08-07-2026 21:34:53 RAM 2368/7607MB (lfb 7x4MB) SWAP 0/3804MB (cached 0MB) CPU [41%@729,41%@729,43%@729,43%@729,39%@729,38%@729] GR3D_FREQ 0% cpu@54.281C soc2@53.281C soc0@52.843C gpu@53.875C tj@55C soc1@55C VDD_IN 8120mW/8150mW VDD_CPU_GPU_CV 1430mW/1426mW VDD_SOC 2941mW/2945mW
08-07-2026 21:34:59 RAM 2370/7607MB (lfb 7x4MB) SWAP 0/3804MB (cached 0MB) CPU [41%@729,39%@729,40%@729,41%@729,43%@729,45%@729] GR3D_FREQ 0% cpu@54.25C soc2@53.156C soc0@53C gpu@53.718C tj@55.156C soc1@55.156C VDD_IN 8120mW/8150mW VDD_CPU_GPU_CV 1430mW/1426mW VDD_SOC 2941mW/2945mW
08-07-2026 21:35:04 RAM 2371/7607MB (lfb 7x4MB) SWAP 0/3804MB (cached 0MB) CPU [40%@1728,44%@1728,39%@1728,41%@1728,38%@1728,42%@1728] GR3D_FREQ 0% cpu@54.562C soc2@53.281C soc0@52.968C gpu@53.687C tj@55.031C soc1@55.031C VDD_IN 8160mW/8150mW VDD_CPU_GPU_CV 1430mW/1426mW VDD_SOC 2941mW/2945mW
08-07-2026 21:35:09 RAM 2374/7607MB (lfb 6x4MB) SWAP 0/3804MB (cached 0MB) CPU [40%@1728,38%@1728,40%@1728,42%@1728,39%@1728,41%@1728] GR3D_FREQ 0% cpu@54.218C soc2@53.125C soc0@52.937C gpu@53.906C tj@55.093C soc1@55.156C VDD_IN 8160mW/8150mW VDD_CPU_GPU_CV 1430mW/1426mW VDD_SOC 2941mW/2945mW
08-07-2026 21:35:14 RAM 2373/7607MB (lfb 6x4MB) SWAP 0/3804MB (cached 0MB) CPU [40%@729,39%@729,40%@729,39%@729,39%@729,43%@729] GR3D_FREQ 0% cpu@54.562C soc2@53.281C soc0@52.875C gpu@53.781C tj@55.031C soc1@55.031C VDD_IN 8160mW/8150mW VDD_CPU_GPU_CV 1430mW/1426mW VDD_SOC 2941mW/2945mW
08-07-2026 21:35:19 RAM 2378/7607MB (lfb 5x4MB) SWAP 0/3804MB (cached 0MB) CPU [39%@729,42%@729,38%@729,42%@729,39%@729,39%@729] GR3D_FREQ 0% cpu@54.218C soc2@53.125C soc0@52.937C gpu@53.906C tj@55.093C soc1@55.093C VDD_IN 8120mW/8150mW VDD_CPU_GPU_CV 1430mW/1426mW VDD_SOC 2941mW/2945mW
08-07-2026 21:35:24 RAM 2379/7607MB (lfb 5x4MB) SWAP 0/3804MB (cached 0MB) CPU [40%@806,39%@806,40%@806,39%@806,40%@729,41%@729] GR3D_FREQ 0% cpu@54.468C soc2@53.156C soc0@52.906C gpu@53.812C tj@55.062C soc1@55.062C VDD_IN 8120mW/8150mW VDD_CPU_GPU_CV 1430mW/1426mW VDD_SOC 2941mW/2945mW
08-07-2026 21:35:29 RAM 2383/7607MB (lfb 7x4MB) SWAP 0/3804MB (cached 0MB) CPU [38%@729,40%@729,42%@729,38%@729,42%@1728,41%@1728] GR3D_FREQ 0% cpu@54.25C soc2@53.156C soc0@52.968C gpu@53.718C tj@55.125C soc1@55.125C VDD_IN 8160mW/8150mW VDD_CPU_GPU_CV 1430mW/1426mW VDD_SOC 2941mW/2945mW
08-07-2026 21:35:34 RAM 2382/7607MB (lfb 7x4MB) SWAP 0/3804MB (cached 0MB) CPU [42%@729,42%@729,39%@729,39%@729,38%@729,40%@729] GR3D_FREQ 0% cpu@54.406C soc2@53.187C soc0@52.812C gpu@53.812C tj@55.031C soc1@55.031C VDD_IN 8120mW/8150mW VDD_CPU_GPU_CV 1430mW/1426mW VDD_SOC 2941mW/2945mW
08-07-2026 21:35:39 RAM 2383/7607MB (lfb 7x4MB) SWAP 0/3804MB (cached 0MB) CPU [41%@729,41%@729,41%@729,41%@729,38%@729,40%@729] GR3D_FREQ 0% cpu@54.281C soc2@53.187C soc0@52.906C gpu@53.687C tj@55.125C soc1@55.125C VDD_IN 8120mW/8149mW VDD_CPU_GPU_CV 1430mW/1426mW VDD_SOC 2941mW/2945mW
08-07-2026 21:35:44 RAM 2383/7607MB (lfb 7x4MB) SWAP 0/3804MB (cached 0MB) CPU [44%@1728,41%@1728,41%@1728,40%@1728,35%@1728,38%@1728] GR3D_FREQ 0% cpu@54.593C soc2@53.187C soc0@52.843C gpu@53.656C tj@55.062C soc1@55.062C VDD_IN 8160mW/8150mW VDD_CPU_GPU_CV 1430mW/1426mW VDD_SOC 2941mW/2945mW
08-07-2026 21:35:49 RAM 2386/7607MB (lfb 7x4MB) SWAP 0/3804MB (cached 0MB) CPU [43%@1728,40%@1728,43%@1728,41%@1728,41%@1728,40%@1728] GR3D_FREQ 0% cpu@54.343C soc2@53.25C soc0@53C gpu@53.875C tj@55.156C soc1@55.156C VDD_IN 8319mW/8150mW VDD_CPU_GPU_CV 1587mW/1427mW VDD_SOC 2941mW/2945mW
08-07-2026 21:35:54 RAM 2386/7607MB (lfb 7x4MB) SWAP 0/3804MB (cached 0MB) CPU [41%@729,39%@729,42%@729,41%@729,40%@729,39%@729] GR3D_FREQ 0% cpu@54.343C soc2@53.218C soc0@52.781C gpu@53.75C tj@55.031C soc1@55.031C VDD_IN 8160mW/8150mW VDD_CPU_GPU_CV 1430mW/1427mW VDD_SOC 2941mW/2945mW
08-07-2026 21:35:59 RAM 2388/7607MB (lfb 7x4MB) SWAP 0/3804MB (cached 0MB) CPU [40%@729,41%@729,44%@729,39%@729,40%@729,38%@729] GR3D_FREQ 0% cpu@54.25C soc2@53.218C soc0@52.968C gpu@53.875C tj@55.093C soc1@55.093C VDD_IN 8160mW/8150mW VDD_CPU_GPU_CV 1430mW/1427mW VDD_SOC 2941mW/2945mW
08-07-2026 21:36:04 RAM 2387/7607MB (lfb 6x4MB) SWAP 0/3804MB (cached 0MB) CPU [40%@883,38%@883,39%@883,41%@883,40%@883,41%@883] GR3D_FREQ 0% cpu@54.468C soc2@53.156C soc0@52.906C gpu@53.781C tj@55C soc1@55C VDD_IN 8160mW/8150mW VDD_CPU_GPU_CV 1430mW/1427mW VDD_SOC 2941mW/2945mW
08-07-2026 21:36:09 RAM 2387/7607MB (lfb 6x4MB) SWAP 0/3804MB (cached 0MB) CPU [39%@729,39%@729,41%@729,39%@729,39%@1728,41%@1728] GR3D_FREQ 0% cpu@54.281C soc2@53.312C soc0@52.937C gpu@53.781C tj@55.125C soc1@55.125C VDD_IN 8120mW/8150mW VDD_CPU_GPU_CV 1430mW/1427mW VDD_SOC 2941mW/2945mW
08-07-2026 21:36:14 RAM 2389/7607MB (lfb 6x4MB) SWAP 0/3804MB (cached 0MB) CPU [40%@1728,40%@1728,42%@1728,40%@1728,41%@729,40%@729] GR3D_FREQ 0% cpu@54.406C soc2@53.125C soc0@52.812C gpu@53.843C tj@55.093C soc1@55.093C VDD_IN 8160mW/8150mW VDD_CPU_GPU_CV 1430mW/1427mW VDD_SOC 2941mW/2945mW
08-07-2026 21:36:19 RAM 2392/7607MB (lfb 7x4MB) SWAP 0/3804MB (cached 0MB) CPU [38%@729,38%@729,40%@729,43%@729,41%@729,42%@729] GR3D_FREQ 0% cpu@54.343C soc2@53.25C soc0@53.093C gpu@53.687C tj@55.187C soc1@55.187C VDD_IN 8160mW/8150mW VDD_CPU_GPU_CV 1430mW/1427mW VDD_SOC 2941mW/2945mW
08-07-2026 21:36:24 RAM 2391/7607MB (lfb 7x4MB) SWAP 0/3804MB (cached 0MB) CPU [39%@1728,41%@1728,39%@1728,39%@1728,38%@1728,42%@1728] GR3D_FREQ 0% cpu@54.593C soc2@53.187C soc0@52.906C gpu@53.625C tj@55.062C soc1@55.062C VDD_IN 8120mW/8150mW VDD_CPU_GPU_CV 1430mW/1427mW VDD_SOC 2941mW/2945mW
08-07-2026 21:36:29 RAM 2389/7607MB (lfb 7x4MB) SWAP 0/3804MB (cached 0MB) CPU [40%@1113,41%@1113,40%@1113,42%@1113,40%@1728,39%@1728] GR3D_FREQ 0% cpu@54.343C soc2@53.156C soc0@52.968C gpu@53.656C tj@55.125C soc1@55.125C VDD_IN 8160mW/8150mW VDD_CPU_GPU_CV 1430mW/1427mW VDD_SOC 2941mW/2945mW
08-07-2026 21:36:34 RAM 2391/7607MB (lfb 6x4MB) SWAP 0/3804MB (cached 0MB) CPU [38%@729,39%@729,40%@729,43%@729,42%@729,41%@729] GR3D_FREQ 0% cpu@54.531C soc2@53.187C soc0@52.843C gpu@53.687C tj@55.125C soc1@55.125C VDD_IN 8160mW/8150mW VDD_CPU_GPU_CV 1430mW/1427mW VDD_SOC 2941mW/2944mW
08-07-2026 21:36:39 RAM 2392/7607MB (lfb 6x4MB) SWAP 0/3804MB (cached 0MB) CPU [38%@729,40%@729,41%@729,41%@883,37%@729,39%@729] GR3D_FREQ 0% cpu@54.343C soc2@53.218C soc0@53C gpu@53.875C tj@55.218C soc1@55.218C VDD_IN 8120mW/8150mW VDD_CPU_GPU_CV 1430mW/1427mW VDD_SOC 2941mW/2944mW
08-07-2026 21:36:44 RAM 2396/7607MB (lfb 6x4MB) SWAP 0/3804MB (cached 0MB) CPU [42%@1728,40%@1728,42%@1728,42%@1728,40%@729,42%@729] GR3D_FREQ 0% cpu@54.593C soc2@53.25C soc0@52.906C gpu@53.687C tj@55.062C soc1@55.062C VDD_IN 8359mW/8151mW VDD_CPU_GPU_CV 1626mW/1428mW VDD_SOC 2941mW/2944mW
08-07-2026 21:36:49 RAM 2393/7607MB (lfb 7x4MB) SWAP 0/3804MB (cached 0MB) CPU [41%@806,40%@806,40%@806,40%@806,40%@729,42%@729] GR3D_FREQ 0% cpu@54.312C soc2@53.218C soc0@53.187C gpu@53.906C tj@55.218C soc1@55.25C VDD_IN 8160mW/8151mW VDD_CPU_GPU_CV 1430mW/1428mW VDD_SOC 2941mW/2944mW
08-07-2026 21:36:54 RAM 2393/7607MB (lfb 7x4MB) SWAP 0/3804MB (cached 0MB) CPU [42%@729,39%@729,41%@729,40%@729,38%@729,39%@729] GR3D_FREQ 0% cpu@54.343C soc2@53.187C soc0@52.906C gpu@54.062C tj@55.125C soc1@55.125C VDD_IN 8160mW/8151mW VDD_CPU_GPU_CV 1430mW/1428mW VDD_SOC 2941mW/2944mW
08-07-2026 21:36:59 RAM 2396/7607MB (lfb 7x4MB) SWAP 0/3804MB (cached 0MB) CPU [37%@1728,39%@1728,39%@1728,40%@1728,41%@729,40%@729] GR3D_FREQ 0% cpu@54.406C soc2@53.281C soc0@52.843C gpu@53.968C tj@55.218C soc1@55.218C VDD_IN 8160mW/8151mW VDD_CPU_GPU_CV 1430mW/1428mW VDD_SOC 2941mW/2944mW
08-07-2026 21:37:04 RAM 2398/7607MB (lfb 6x4MB) SWAP 0/3804MB (cached 0MB) CPU [40%@729,41%@729,39%@729,40%@729,38%@729,41%@729] GR3D_FREQ 0% cpu@54.343C soc2@53.218C soc0@52.968C gpu@53.843C tj@55.093C soc1@55.093C VDD_IN 8160mW/8151mW VDD_CPU_GPU_CV 1430mW/1428mW VDD_SOC 2941mW/2944mW
08-07-2026 21:37:09 RAM 2397/7607MB (lfb 6x4MB) SWAP 0/3804MB (cached 0MB) CPU [41%@1728,38%@1728,41%@729,43%@729,38%@1728,39%@1728] GR3D_FREQ 0% cpu@54.375C soc2@53.25C soc0@52.75C gpu@53.906C tj@55.281C soc1@55.281C VDD_IN 8120mW/8151mW VDD_CPU_GPU_CV 1430mW/1428mW VDD_SOC 2941mW/2944mW
08-07-2026 21:37:14 RAM 2398/7607MB (lfb 6x4MB) SWAP 0/3804MB (cached 0MB) CPU [40%@883,40%@883,41%@883,40%@883,38%@729,40%@729] GR3D_FREQ 0% cpu@54.25C soc2@53.218C soc0@52.812C gpu@53.718C tj@55.125C soc1@55.125C VDD_IN 8160mW/8151mW VDD_CPU_GPU_CV 1430mW/1428mW VDD_SOC 2941mW/2944mW
08-07-2026 21:37:19 RAM 2399/7607MB (lfb 6x4MB) SWAP 0/3804MB (cached 0MB) CPU [41%@1728,40%@1728,40%@1728,40%@1728,39%@1728,39%@1728] GR3D_FREQ 0% cpu@54.281C soc2@53.25C soc0@52.906C gpu@53.656C tj@55.218C soc1@55.218C VDD_IN 8120mW/8151mW VDD_CPU_GPU_CV 1430mW/1428mW VDD_SOC 2941mW/2944mW
08-07-2026 21:37:24 RAM 2399/7607MB (lfb 6x4MB) SWAP 0/3804MB (cached 0MB) CPU [40%@729,40%@729,38%@729,42%@729,41%@729,41%@729] GR3D_FREQ 0% cpu@54.25C soc2@53.125C soc0@52.906C gpu@53.906C tj@55.031C soc1@55.031C VDD_IN 8160mW/8151mW VDD_CPU_GPU_CV 1430mW/1428mW VDD_SOC 2941mW/2944mW
08-07-2026 21:37:29 RAM 2401/7607MB (lfb 7x4MB) SWAP 0/3804MB (cached 0MB) CPU [40%@729,39%@729,41%@729,39%@729,41%@729,40%@729] GR3D_FREQ 0% cpu@54.312C soc2@53.187C soc0@52.875C gpu@53.718C tj@55.156C soc1@55.156C VDD_IN 8160mW/8151mW VDD_CPU_GPU_CV 1430mW/1428mW VDD_SOC 2941mW/2944mW
08-07-2026 21:37:34 RAM 2401/7607MB (lfb 7x4MB) SWAP 0/3804MB (cached 0MB) CPU [42%@806,41%@806,42%@806,43%@806,36%@729,37%@729] GR3D_FREQ 0% cpu@54.562C soc2@53.125C soc0@52.906C gpu@53.968C tj@55.062C soc1@55.125C VDD_IN 8160mW/8151mW VDD_CPU_GPU_CV 1430mW/1428mW VDD_SOC 2941mW/2944mW
08-07-2026 21:37:39 RAM 2402/7607MB (lfb 6x4MB) SWAP 0/3804MB (cached 0MB) CPU [43%@806,42%@806,41%@806,43%@806,41%@729,40%@729] GR3D_FREQ 0% cpu@54.343C soc2@53.312C soc0@52.875C gpu@53.937C tj@55.281C soc1@55.281C VDD_IN 8120mW/8151mW VDD_CPU_GPU_CV 1430mW/1428mW VDD_SOC 2941mW/2944mW
08-07-2026 21:37:44 RAM 2402/7607MB (lfb 6x4MB) SWAP 0/3804MB (cached 0MB) CPU [39%@729,40%@729,41%@729,42%@729,38%@806,39%@806] GR3D_FREQ 0% cpu@54.437C soc2@53.218C soc0@52.906C gpu@53.812C tj@55.125C soc1@55.125C VDD_IN 8160mW/8151mW VDD_CPU_GPU_CV 1430mW/1428mW VDD_SOC 2941mW/2944mW
08-07-2026 21:37:49 RAM 2405/7607MB (lfb 6x4MB) SWAP 0/3804MB (cached 0MB) CPU [38%@729,42%@729,43%@729,41%@729,36%@729,39%@729] GR3D_FREQ 0% cpu@54.343C soc2@53.312C soc0@52.875C gpu@53.875C tj@55.25C soc1@55.25C VDD_IN 8120mW/8151mW VDD_CPU_GPU_CV 1430mW/1428mW VDD_SOC 2941mW/2944mW
08-07-2026 21:37:54 RAM 2402/7607MB (lfb 6x4MB) SWAP 0/3804MB (cached 0MB) CPU [38%@806,41%@806,40%@806,40%@806,41%@729,40%@729] GR3D_FREQ 0% cpu@54.187C soc2@53.156C soc0@52.937C gpu@53.75C tj@55.125C soc1@55.218C VDD_IN 8120mW/8150mW VDD_CPU_GPU_CV 1430mW/1428mW VDD_SOC 2941mW/2944mW
08-07-2026 21:37:59 RAM 2408/7607MB (lfb 7x4MB) SWAP 0/3804MB (cached 0MB) CPU [41%@1728,38%@1728,38%@1728,40%@1728,42%@1728,41%@1728] GR3D_FREQ 0% cpu@54.531C soc2@53.343C soc0@52.906C gpu@53.843C tj@55.125C soc1@55.125C VDD_IN 8160mW/8151mW VDD_CPU_GPU_CV 1430mW/1428mW VDD_SOC 2941mW/2944mW
08-07-2026 21:38:04 RAM 2409/7607MB (lfb 7x4MB) SWAP 0/3804MB (cached 0MB) CPU [40%@1728,40%@1728,39%@1728,39%@1728,39%@729,43%@729] GR3D_FREQ 0% cpu@54.312C soc2@53.25C soc0@53.031C gpu@53.812C tj@55.125C soc1@55.125C VDD_IN 8120mW/8150mW VDD_CPU_GPU_CV 1430mW/1428mW VDD_SOC 2941mW/2944mW
08-07-2026 21:38:09 RAM 2409/7607MB (lfb 7x4MB) SWAP 0/3804MB (cached 0MB) CPU [37%@883,40%@883,38%@883,43%@883,40%@729,40%@729] GR3D_FREQ 0% cpu@54.531C soc2@53.187C soc0@52.906C gpu@53.843C tj@55.093C soc1@55.093C VDD_IN 8160mW/8150mW VDD_CPU_GPU_CV 1430mW/1428mW VDD_SOC 2941mW/2944mW
08-07-2026 21:38:14 RAM 2409/7607MB (lfb 7x4MB) SWAP 0/3804MB (cached 0MB) CPU [41%@729,41%@729,39%@729,40%@729,40%@729,39%@729] GR3D_FREQ 0% cpu@54.343C soc2@53.187C soc0@53.125C gpu@53.781C tj@55.281C soc1@55.281C VDD_IN 8120mW/8150mW VDD_CPU_GPU_CV 1430mW/1428mW VDD_SOC 2941mW/2944mW
08-07-2026 21:38:19 RAM 2411/7607MB (lfb 7x4MB) SWAP 0/3804MB (cached 0MB) CPU [39%@729,39%@729,42%@729,38%@729,40%@729,41%@729] GR3D_FREQ 0% cpu@54.406C soc2@53.187C soc0@52.906C gpu@53.687C tj@55.125C soc1@55.125C VDD_IN 8120mW/8150mW VDD_CPU_GPU_CV 1430mW/1428mW VDD_SOC 2941mW/2944mW
08-07-2026 21:38:24 RAM 2411/7607MB (lfb 7x4MB) SWAP 0/3804MB (cached 0MB) CPU [39%@806,39%@806,42%@806,43%@806,37%@729,41%@729] GR3D_FREQ 0% cpu@54.375C soc2@53.25C soc0@53.031C gpu@53.781C tj@55.281C soc1@55.281C VDD_IN 8120mW/8150mW VDD_CPU_GPU_CV 1430mW/1428mW VDD_SOC 2941mW/2944mW
08-07-2026 21:38:29 RAM 2412/7607MB (lfb 7x4MB) SWAP 0/3804MB (cached 0MB) CPU [40%@729,40%@729,40%@729,41%@729,38%@729,41%@729] GR3D_FREQ 0% cpu@54.187C soc2@53.187C soc0@52.906C gpu@53.812C tj@55.093C soc1@55.093C VDD_IN 8160mW/8150mW VDD_CPU_GPU_CV 1430mW/1428mW VDD_SOC 2941mW/2944mW
08-07-2026 21:38:34 RAM 2415/7607MB (lfb 6x4MB) SWAP 0/3804MB (cached 0MB) CPU [40%@729,41%@729,42%@729,42%@729,42%@883,41%@883] GR3D_FREQ 0% cpu@54.406C soc2@53.25C soc0@52.75C gpu@53.75C tj@55.281C soc1@55.281C VDD_IN 8120mW/8150mW VDD_CPU_GPU_CV 1430mW/1428mW VDD_SOC 2941mW/2944mW
08-07-2026 21:38:39 RAM 2416/7607MB (lfb 6x4MB) SWAP 0/3804MB (cached 0MB) CPU [39%@729,41%@729,40%@729,39%@729,40%@960,39%@960] GR3D_FREQ 0% cpu@54.437C soc2@53.156C soc0@53C gpu@53.843C tj@55.125C soc1@55.125C VDD_IN 8160mW/8150mW VDD_CPU_GPU_CV 1430mW/1428mW VDD_SOC 2941mW/2944mW
08-07-2026 21:38:44 RAM 2416/7607MB (lfb 6x4MB) SWAP 0/3804MB (cached 0MB) CPU [42%@1728,39%@1728,41%@1728,41%@1728,38%@1728,40%@1728] GR3D_FREQ 0% cpu@54.531C soc2@53.375C soc0@52.875C gpu@53.843C tj@55.062C soc1@55.062C VDD_IN 8160mW/8150mW VDD_CPU_GPU_CV 1430mW/1428mW VDD_SOC 2941mW/2944mW
08-07-2026 21:38:49 RAM 2417/7607MB (lfb 6x4MB) SWAP 0/3804MB (cached 0MB) CPU [38%@1728,41%@1728,40%@729,41%@729,40%@1728,43%@1728] GR3D_FREQ 0% cpu@54.343C soc2@53.312C soc0@53.062C gpu@53.687C tj@55.187C soc1@55.187C VDD_IN 8160mW/8150mW VDD_CPU_GPU_CV 1430mW/1428mW VDD_SOC 2941mW/2944mW
08-07-2026 21:38:54 RAM 2418/7607MB (lfb 6x4MB) SWAP 0/3804MB (cached 0MB) CPU [39%@729,41%@729,39%@729,42%@729,39%@729,38%@729] GR3D_FREQ 0% cpu@54.562C soc2@53.281C soc0@52.906C gpu@53.875C tj@55.062C soc1@55.062C VDD_IN 8120mW/8150mW VDD_CPU_GPU_CV 1430mW/1428mW VDD_SOC 2941mW/2944mW
08-07-2026 21:38:59 RAM 2419/7607MB (lfb 7x4MB) SWAP 0/3804MB (cached 0MB) CPU [38%@729,40%@729,42%@729,40%@729,40%@729,42%@729] GR3D_FREQ 0% cpu@54.187C soc2@53.156C soc0@52.937C gpu@53.875C tj@55.125C soc1@55.125C VDD_IN 8120mW/8150mW VDD_CPU_GPU_CV 1430mW/1428mW VDD_SOC 2941mW/2944mW
08-07-2026 21:39:04 RAM 2421/7607MB (lfb 7x4MB) SWAP 0/3804MB (cached 0MB) CPU [39%@729,40%@729,41%@729,41%@729,38%@1728,40%@1728] GR3D_FREQ 0% cpu@54.343C soc2@53.218C soc0@52.843C gpu@53.968C tj@55.093C soc1@55.093C VDD_IN 8160mW/8150mW VDD_CPU_GPU_CV 1430mW/1428mW VDD_SOC 2941mW/2944mW
08-07-2026 21:39:09 RAM 2422/7607MB (lfb 7x4MB) SWAP 0/3804MB (cached 0MB) CPU [38%@729,41%@729,40%@729,41%@729,39%@729,42%@729] GR3D_FREQ 0% cpu@54.343C soc2@53.25C soc0@52.906C gpu@53.812C tj@55.093C soc1@55.093C VDD_IN 8160mW/8150mW VDD_CPU_GPU_CV 1430mW/1428mW VDD_SOC 2941mW/2944mW
08-07-2026 21:39:14 RAM 2423/7607MB (lfb 6x4MB) SWAP 0/3804MB (cached 0MB) CPU [40%@806,41%@806,41%@806,43%@806,36%@729,37%@729] GR3D_FREQ 0% cpu@54.468C soc2@53.25C soc0@52.781C gpu@53.687C tj@55.062C soc1@55.062C VDD_IN 8160mW/8150mW VDD_CPU_GPU_CV 1430mW/1428mW VDD_SOC 2941mW/2944mW
08-07-2026 21:39:19 RAM 2424/7607MB (lfb 6x4MB) SWAP 0/3804MB (cached 0MB) CPU [41%@960,39%@960,39%@960,40%@960,40%@729,42%@729] GR3D_FREQ 0% cpu@54.312C soc2@53.187C soc0@52.937C gpu@53.812C tj@55.093C soc1@55.093C VDD_IN 8160mW/8150mW VDD_CPU_GPU_CV 1430mW/1428mW VDD_SOC 2941mW/2944mW
08-07-2026 21:39:24 RAM 2425/7607MB (lfb 6x4MB) SWAP 0/3804MB (cached 0MB) CPU [41%@1728,40%@1728,41%@1728,44%@1728,40%@1728,41%@1728] GR3D_FREQ 0% cpu@54.75C soc2@53.375C soc0@52.875C gpu@53.781C tj@55.062C soc1@55.156C VDD_IN 8200mW/8150mW VDD_CPU_GPU_CV 1470mW/1428mW VDD_SOC 2941mW/2944mW
08-07-2026 21:39:29 RAM 2426/7607MB (lfb 7x4MB) SWAP 0/3804MB (cached 0MB) CPU [38%@729,37%@729,42%@729,41%@729,40%@806,42%@806] GR3D_FREQ 0% cpu@54.437C soc2@53.218C soc0@52.843C gpu@53.875C tj@55.187C soc1@55.187C VDD_IN 8120mW/8150mW VDD_CPU_GPU_CV 1430mW/1428mW VDD_SOC 2941mW/2944mW
08-07-2026 21:39:34 RAM 2426/7607MB (lfb 7x4MB) SWAP 0/3804MB (cached 0MB) CPU [39%@729,40%@729,40%@729,40%@729,39%@729,42%@729] GR3D_FREQ 0% cpu@54.531C soc2@53.218C soc0@52.843C gpu@53.75C tj@55.062C soc1@55.062C VDD_IN 8120mW/8150mW VDD_CPU_GPU_CV 1430mW/1428mW VDD_SOC 2941mW/2944mW
08-07-2026 21:39:39 RAM 2426/7607MB (lfb 6x4MB) SWAP 0/3804MB (cached 0MB) CPU [40%@1728,41%@1728,40%@1728,41%@1728,38%@1728,40%@1728] GR3D_FREQ 0% cpu@54.343C soc2@53.312C soc0@52.968C gpu@53.656C tj@55.125C soc1@55.125C VDD_IN 8160mW/8150mW VDD_CPU_GPU_CV 1430mW/1428mW VDD_SOC 2941mW/2944mW
08-07-2026 21:39:44 RAM 2427/7607MB (lfb 6x4MB) SWAP 0/3804MB (cached 0MB) CPU [39%@729,39%@729,42%@729,41%@729,39%@729,40%@729] GR3D_FREQ 0% cpu@54.25C soc2@53.218C soc0@52.906C gpu@53.75C tj@55.093C soc1@55.093C VDD_IN 8120mW/8150mW VDD_CPU_GPU_CV 1430mW/1428mW VDD_SOC 2941mW/2944mW
08-07-2026 21:39:49 RAM 2428/7607MB (lfb 6x4MB) SWAP 0/3804MB (cached 0MB) CPU [40%@729,41%@729,42%@729,40%@729,39%@729,40%@729] GR3D_FREQ 0% cpu@54.437C soc2@53.218C soc0@53.062C gpu@53.625C tj@55.281C soc1@55.281C VDD_IN 8120mW/8150mW VDD_CPU_GPU_CV 1430mW/1428mW VDD_SOC 2941mW/2944mW
08-07-2026 21:39:54 RAM 2429/7607MB (lfb 6x4MB) SWAP 0/3804MB (cached 0MB) CPU [38%@1728,39%@1728,43%@1728,39%@1728,41%@729,40%@729] GR3D_FREQ 0% cpu@54.406C soc2@53.125C soc0@52.843C gpu@53.875C tj@55.062C soc1@55.062C VDD_IN 8160mW/8150mW VDD_CPU_GPU_CV 1430mW/1428mW VDD_SOC 2941mW/2944mW
08-07-2026 21:39:59 RAM 2431/7607MB (lfb 6x4MB) SWAP 0/3804MB (cached 0MB) CPU [40%@729,41%@729,40%@729,41%@729,41%@729,42%@729] GR3D_FREQ 0% cpu@54.25C soc2@53.218C soc0@52.937C gpu@53.843C tj@55.093C soc1@55.218C VDD_IN 8160mW/8150mW VDD_CPU_GPU_CV 1430mW/1428mW VDD_SOC 2941mW/2944mW
08-07-2026 21:40:04 RAM 2431/7607MB (lfb 7x4MB) SWAP 0/3804MB (cached 0MB) CPU [38%@883,43%@883,40%@883,39%@883,39%@729,39%@729] GR3D_FREQ 0% cpu@54.5C soc2@53.156C soc0@52.937C gpu@53.656C tj@55.062C soc1@55.062C VDD_IN 8120mW/8150mW VDD_CPU_GPU_CV 1430mW/1428mW VDD_SOC 2941mW/2944mW
08-07-2026 21:40:09 RAM 2432/7607MB (lfb 7x4MB) SWAP 0/3804MB (cached 0MB) CPU [40%@729,42%@729,40%@729,41%@729,38%@729,38%@729] GR3D_FREQ 0% cpu@54.375C soc2@53.312C soc0@52.906C gpu@53.718C tj@55.218C soc1@55.218C VDD_IN 8160mW/8150mW VDD_CPU_GPU_CV 1430mW/1428mW VDD_SOC 2941mW/2944mW
08-07-2026 21:40:14 RAM 2433/7607MB (lfb 7x4MB) SWAP 0/3804MB (cached 0MB) CPU [40%@960,39%@960,42%@960,42%@960,36%@729,40%@729] GR3D_FREQ 0% cpu@54.531C soc2@53.25C soc0@52.906C gpu@53.718C tj@55.093C soc1@55.093C VDD_IN 8160mW/8150mW VDD_CPU_GPU_CV 1430mW/1428mW VDD_SOC 2941mW/2944mW
08-07-2026 21:40:19 RAM 2435/7607MB (lfb 7x4MB) SWAP 0/3804MB (cached 0MB) CPU [37%@1728,40%@1728,42%@1728,41%@1728,37%@1728,41%@1728] GR3D_FREQ 0% cpu@54.562C soc2@53.281C soc0@52.906C gpu@53.718C tj@55.187C soc1@55.187C VDD_IN 8160mW/8150mW VDD_CPU_GPU_CV 1430mW/1428mW VDD_SOC 2941mW/2944mW
08-07-2026 21:40:24 RAM 2439/7607MB (lfb 6x4MB) SWAP 0/3804MB (cached 0MB) CPU [41%@1728,42%@1728,42%@1728,43%@1728,40%@1728,43%@1728] GR3D_FREQ 0% cpu@54.406C soc2@53.25C soc0@53.031C gpu@53.812C tj@55.125C soc1@55.125C VDD_IN 8120mW/8150mW VDD_CPU_GPU_CV 1430mW/1428mW VDD_SOC 2941mW/2944mW
08-07-2026 21:40:29 RAM 2439/7607MB (lfb 6x4MB) SWAP 0/3804MB (cached 0MB) CPU [39%@806,40%@806,38%@729,39%@729,40%@729,42%@729] GR3D_FREQ 0% cpu@54.531C soc2@53.312C soc0@52.968C gpu@53.781C tj@55.281C soc1@55.281C VDD_IN 8120mW/8150mW VDD_CPU_GPU_CV 1430mW/1428mW VDD_SOC 2941mW/2944mW
08-07-2026 21:40:34 RAM 2441/7607MB (lfb 7x4MB) SWAP 0/3804MB (cached 0MB) CPU [41%@1728,41%@1728,40%@1728,41%@1728,40%@1728,41%@1728] GR3D_FREQ 0% cpu@54.5C soc2@53.281C soc0@53.062C gpu@53.75C tj@55.156C soc1@55.125C VDD_IN 8120mW/8150mW VDD_CPU_GPU_CV 1430mW/1428mW VDD_SOC 2941mW/2944mW
08-07-2026 21:40:39 RAM 2440/7607MB (lfb 7x4MB) SWAP 0/3804MB (cached 0MB) CPU [41%@1728,37%@1728,39%@1728,41%@1728,40%@1728,40%@1728] GR3D_FREQ 0% cpu@54.343C soc2@53.312C soc0@53.125C gpu@53.718C tj@55.218C soc1@55.218C VDD_IN 8120mW/8150mW VDD_CPU_GPU_CV 1430mW/1428mW VDD_SOC 2941mW/2944mW
08-07-2026 21:40:44 RAM 2444/7607MB (lfb 7x4MB) SWAP 0/3804MB (cached 0MB) CPU [41%@729,40%@729,40%@729,42%@729,39%@729,40%@729] GR3D_FREQ 0% cpu@54.468C soc2@53.187C soc0@52.937C gpu@53.937C tj@55.187C soc1@55.187C VDD_IN 8160mW/8150mW VDD_CPU_GPU_CV 1430mW/1428mW VDD_SOC 2941mW/2944mW
08-07-2026 21:40:49 RAM 2447/7607MB (lfb 6x4MB) SWAP 0/3804MB (cached 0MB) CPU [40%@729,41%@1728,40%@1728,41%@1728,39%@729,38%@729] GR3D_FREQ 0% cpu@54.375C soc2@53.218C soc0@52.937C gpu@53.812C tj@55.156C soc1@55.156C VDD_IN 8160mW/8150mW VDD_CPU_GPU_CV 1430mW/1428mW VDD_SOC 2941mW/2944mW
08-07-2026 21:40:54 RAM 2445/7607MB (lfb 6x4MB) SWAP 0/3804MB (cached 0MB) CPU [38%@729,38%@729,40%@729,41%@729,41%@729,42%@729] GR3D_FREQ 0% cpu@54.312C soc2@53.281C soc0@52.875C gpu@53.906C tj@55.093C soc1@55.093C VDD_IN 8160mW/8150mW VDD_CPU_GPU_CV 1430mW/1428mW VDD_SOC 2941mW/2944mW
08-07-2026 21:40:59 RAM 2446/7607MB (lfb 6x4MB) SWAP 0/3804MB (cached 0MB) CPU [42%@729,39%@729,38%@729,40%@729,40%@729,42%@729] GR3D_FREQ 0% cpu@54.5C soc2@53.25C soc0@52.906C gpu@53.781C tj@55.156C soc1@55.156C VDD_IN 8160mW/8150mW VDD_CPU_GPU_CV 1430mW/1428mW VDD_SOC 2941mW/2944mW
08-07-2026 21:41:04 RAM 2446/7607MB (lfb 6x4MB) SWAP 0/3804MB (cached 0MB) CPU [41%@729,41%@729,41%@729,41%@729,38%@729,38%@729] GR3D_FREQ 0% cpu@54.406C soc2@53.281C soc0@52.937C gpu@53.875C tj@55.125C soc1@55.125C VDD_IN 8120mW/8150mW VDD_CPU_GPU_CV 1430mW/1428mW VDD_SOC 2941mW/2944mW
08-07-2026 21:41:09 RAM 2447/7607MB (lfb 7x4MB) SWAP 0/3804MB (cached 0MB) CPU [40%@806,42%@806,41%@806,41%@806,38%@729,40%@729] GR3D_FREQ 0% cpu@54.406C soc2@53.281C soc0@52.937C gpu@53.75C tj@55.343C soc1@55.343C VDD_IN 8160mW/8150mW VDD_CPU_GPU_CV 1430mW/1428mW VDD_SOC 2941mW/2944mW
08-07-2026 21:41:14 RAM 2449/7607MB (lfb 7x4MB) SWAP 0/3804MB (cached 0MB) CPU [40%@1728,39%@1728,43%@1728,42%@1728,43%@1728,43%@1728] GR3D_FREQ 0% cpu@54.5C soc2@53.312C soc0@53C gpu@53.875C tj@55.187C soc1@55.187C VDD_IN 8359mW/8150mW VDD_CPU_GPU_CV 1626mW/1429mW VDD_SOC 2941mW/2944mW
08-07-2026 21:41:19 RAM 2449/7607MB (lfb 7x4MB) SWAP 0/3804MB (cached 0MB) CPU [41%@806,41%@806,40%@806,41%@806,38%@1728,41%@1728] GR3D_FREQ 0% cpu@54.468C soc2@53.375C soc0@53.031C gpu@53.75C tj@55.156C soc1@55.156C VDD_IN 8160mW/8150mW VDD_CPU_GPU_CV 1430mW/1429mW VDD_SOC 2941mW/2944mW
08-07-2026 21:41:24 RAM 2449/7607MB (lfb 7x4MB) SWAP 0/3804MB (cached 0MB) CPU [39%@729,39%@729,42%@729,43%@1728,41%@729,39%@729] GR3D_FREQ 0% cpu@54.343C soc2@53.343C soc0@53.125C gpu@53.781C tj@55.25C soc1@55.25C VDD_IN 8160mW/8150mW VDD_CPU_GPU_CV 1430mW/1429mW VDD_SOC 2941mW/2944mW
08-07-2026 21:41:29 RAM 2347/7607MB (lfb 11x4MB) SWAP 0/3804MB (cached 0MB) CPU [40%@729,38%@729,38%@729,40%@729,38%@729,39%@729] GR3D_FREQ 0% cpu@54.187C soc2@53.375C soc0@52.968C gpu@53.656C tj@55.031C soc1@55.031C VDD_IN 7881mW/8150mW VDD_CPU_GPU_CV 1311mW/1428mW VDD_SOC 2861mW/2944mW
08-07-2026 21:41:34 RAM 2331/7607MB (lfb 11x4MB) SWAP 0/3804MB (cached 0MB) CPU [0%@729,1%@729,0%@729,1%@729,0%@729,0%@729] GR3D_FREQ 0% cpu@53.375C soc2@52.562C soc0@52.531C gpu@53.281C tj@54.625C soc1@54.625C VDD_IN 5471mW/8142mW VDD_CPU_GPU_CV 557mW/1426mW VDD_SOC 1634mW/2940mW
